CustomerID,PurchaseDate,AmountSpent
PL1GOR,2023-04-08 01:48:37.655916,132.01
5CBQTD,2023-01-26 01:48:37.655923,425.7
33HGAQ,2023-05-02 01:48:37.655924,295.65
FRKBND,2022-10-20 01:48:37.655925,269.05
EN13UK,2022-12-20 01:48:37.655926,110.87
JAGCVX,2022-11-04 01:48:37.655927,77.82
OZ0GS7,2022-12-29 01:48:37.655928,107.0
44E6BG,2023-09-02 01:48:37.655929,91.13
4WBZ0V,2022-10-21 01:48:37.655931,210.61
WJ3NY1,2023-01-21 01:48:37.655932,184.58
FPI4KG,2023-04-29 01:48:37.655933,267.16
VN6FNO,2023-04-01 01:48:37.655934,491.64
YG3QP1,2022-12-07 01:48:37.655934,264.7
MZ356N,2023-02-06 01:48:37.655935,87.51
QSFLL0,2023-06-09 01:48:37.655936,287.38
0EDZWC,2022-10-31 01:48:37.655937,171.61
WQ9EZX,2023-03-09 01:48:37.655938,454.11
GKS81N,2022-12-15 01:48:37.655939,370.4
5ARKNW,2023-05-11 01:48:37.655940,144.52
0AHC5U,2022-09-29 01:48:37.655941,220.25
PA0ZI5,2023-05-17 01:48:37.655941,176.6
O0I994,2023-09-16 01:48:37.655942,74.85
2GE1NE,2023-08-05 01:48:37.655943,227.87
77SF1P,2023-06-24 01:48:37.655944,35.14
9PJS3E,2023-08-04 01:48:37.655945,245.72
TGBP2B,2023-07-20 01:48:37.655945,345.73
0YYKWO,2023-08-16 01:48:37.655946,344.22
Z07FOR,2022-11-23 01:48:37.655947,91.63
10K3VK,2023-01-14 01:48:37.655948,115.31
JAGCVX,2023-06-30 01:48:37.655949,50.53
N4IX1M,2023-06-24 01:48:37.655949,93.81
K9TZDB,2022-11-14 01:48:37.655950,41.4
R17M2J,2023-09-02 01:48:37.655951,477.02
JDSGK3,2023-08-25 01:48:37.655952,492.93
70IJXQ,2023-02-15 01:48:37.655953,119.35
K0YRJU,2023-04-21 01:48:37.655953,153.76
11H00L,2023-03-06 01:48:37.655954,150.1
ZPK3FC,2023-02-26 01:48:37.655955,134.23
WJGW5D,2023-07-23 01:48:37.655956,318.21
O80FVZ,2023-05-17 01:48:37.655957,486.34
RS6E0I,2023-01-27 01:48:37.655957,235.2
M0NVIF,2022-12-12 01:48:37.655958,140.34
7520IN,2023-04-21 01:48:37.655959,164.33
0T4FAR,2023-06-23 01:48:37.655960,384.57
CM8EVM,2022-10-08 01:48:37.655960,167.24
AOXRSV,2023-08-09 01:48:37.655961,266.61
R8X1YN,2022-10-28 01:48:37.655962,267.29
HLF6VY,2022-11-03 01:48:37.655963,175.43
AOUNLA,2023-06-25 01:48:37.655964,425.78
S8QZTR,2023-05-29 01:48:37.655965,329.38
FEI95C,2022-12-29 01:48:37.655965,289.88
0ESTRP,2022-09-27 01:48:37.655966,459.67
XGEPPB,2023-04-20 01:48:37.655967,415.4
DNS475,2023-04-21 01:48:37.655968,423.05
BPH5F9,2022-12-29 01:48:37.655969,52.16
HY1QVT,2022-10-31 01:48:37.655969,284.56
EX9N6I,2023-03-06 01:48:37.655970,186.15
FI246K,2023-02-02 01:48:37.655971,243.47
QG64SC,2023-02-04 01:48:37.655972,424.35
WS29ZC,2023-05-27 01:48:37.655973,297.33
AHU91B,2023-04-28 01:48:37.655973,257.66
SF3MNV,2022-11-14 01:48:37.655974,65.93
UQGNWD,2023-06-21 01:48:37.655975,152.39
D570CW,2023-08-21 01:48:37.655976,372.08
IBLAHM,2022-10-08 01:48:37.655977,467.57
2L0ML9,2023-06-02 01:48:37.655978,305.77
C9BGR5,2023-06-05 01:48:37.655978,232.57
0CO9J1,2023-03-30 01:48:37.655979,12.77
BW3DC7,2023-08-01 01:48:37.655980,208.01
U0HOPC,2023-02-21 01:48:37.655981,235.17
R3FFRE,2023-05-11 01:48:37.655981,471.53
4FWGJW,2023-05-12 01:48:37.655982,237.57
9BX8WA,2023-05-24 01:48:37.655983,480.96
CM8EVM,2023-07-17 01:48:37.655984,55.26
NRH374,2023-05-21 01:48:37.655985,481.69
IO8H11,2022-11-13 01:48:37.655985,259.07
K34IHA,2022-11-28 01:48:37.655986,165.1
X5LTVG,2023-04-05 01:48:37.655987,370.62
FRKBND,2023-02-12 01:48:37.655988,318.98
LBTJCO,2023-06-24 01:48:37.655989,492.88
8I8FPT,2023-03-23 01:48:37.655989,82.59
Z1YVK0,2023-05-15 01:48:37.655990,211.79
6ZZDPO,2023-09-15 01:48:37.655991,490.38
TPMCKA,2023-05-17 01:48:37.655992,132.7
TFGW7Q,2023-01-20 01:48:37.655992,55.17
MQLVRG,2023-04-20 01:48:37.655993,100.95
E9I1RP,2023-09-13 01:48:37.655994,215.19
01KLNW,2023-03-21 01:48:37.655995,231.63
M5RZ3F,2023-08-11 01:48:37.655996,36.59
6OC0WZ,2023-07-17 01:48:37.655996,351.16
5UU45Z,2023-09-10 01:48:37.655997,152.3
FDXEIC,2022-09-24 01:48:37.655998,150.78
OZJFN8,2022-09-30 01:48:37.655999,109.19
AOXRSV,2022-10-23 01:48:37.656000,193.08
URLBQC,2023-05-05 01:48:37.656000,26.1
I6YRVR,2023-03-30 01:48:37.656001,147.65
FQNYRX,2022-10-20 01:48:37.656002,312.04
1XBF03,2022-12-31 01:48:37.656003,400.47
AL46MU,2023-09-01 01:48:37.656004,353.51
2O4R3A,2022-12-13 01:48:37.656004,410.38
NB40KD,2023-02-28 01:48:37.656005,107.38
R6QB7Z,2023-06-21 01:48:37.656006,248.78
PO9HFC,2022-11-17 01:48:37.656007,64.3
2O4R3A,2022-10-03 01:48:37.656008,394.48
W38I1T,2023-01-28 01:48:37.656009,57.83
OIJPU3,2022-10-15 01:48:37.656009,93.41
TFGW7Q,2023-01-20 01:48:37.656010,179.58
3ONA8M,2022-10-12 01:48:37.656011,416.06
3ZFLXW,2023-07-09 01:48:37.656012,254.6
23CELB,2023-04-03 01:48:37.656013,270.93
QPRHFM,2023-01-19 01:48:37.656014,459.23
XGEPPB,2023-06-08 01:48:37.656014,401.34
HGJX5S,2022-12-05 01:48:37.656015,420.36
1EGKYI,2023-08-26 01:48:37.656016,424.05
6ROJJ9,2023-04-25 01:48:37.656017,309.86
PD4W8W,2022-12-20 01:48:37.656018,485.51
Q5YYBC,2023-03-01 01:48:37.656018,47.77
LXA5FB,2023-05-01 01:48:37.656019,33.45
YXAVXG,2023-09-10 01:48:37.656020,293.25
JRG9EV,2023-05-19 01:48:37.656021,241.15
BN8OO9,2022-11-09 01:48:37.656021,388.93
WVY910,2022-12-02 01:48:37.656022,477.29
UEG0HV,2023-05-10 01:48:37.656023,410.49
9EF3IF,2022-12-24 01:48:37.656024,129.39
QHTZ2Q,2023-08-31 01:48:37.656025,393.61
3NV719,2023-03-18 01:48:37.656025,267.74
44GA8M,2023-08-28 01:48:37.656026,409.51
XD6F21,2022-12-13 01:48:37.656027,433.68
AYBETQ,2023-04-17 01:48:37.656028,95.67
HQ6ZVE,2023-01-23 01:48:37.656029,367.97
ZCXNWZ,2023-07-07 01:48:37.656030,259.72
28DW59,2023-08-19 01:48:37.656030,198.82
MPJSF0,2023-04-22 01:48:37.656031,493.02
OGF38U,2023-01-24 01:48:37.656032,58.03
NK80H3,2023-07-13 01:48:37.656033,194.69
X4RSJZ,2023-05-29 01:48:37.656033,22.3
32CU36,2022-10-30 01:48:37.656034,286.66
3DQR1B,2023-05-19 01:48:37.656035,193.52
PBSUL5,2023-06-06 01:48:37.656036,367.3
4WBZ0V,2023-06-08 01:48:37.656037,497.75
V5TCF0,2022-11-21 01:48:37.656037,297.4
D2SLGE,2023-05-24 01:48:37.656038,348.28
TPBJ79,2023-04-24 01:48:37.656039,354.72
4958O7,2022-10-29 01:48:37.656040,76.42
M5RZ3F,2022-11-17 01:48:37.656041,337.04
R6QB7Z,2023-04-06 01:48:37.656041,412.49
XUMT3M,2023-06-19 01:48:37.656042,332.92
7JK9GV,2023-05-15 01:48:37.656043,34.92
1OI8PH,2023-08-24 01:48:37.656044,32.31
IJLZNB,2023-08-16 01:48:37.656045,60.08
HOPWHM,2023-02-15 01:48:37.656045,142.01
HITOMG,2023-06-15 01:48:37.656046,61.89
4TP5WY,2023-03-25 01:48:37.656047,20.42
PKEFK6,2022-11-07 01:48:37.656048,65.85
AK5HRT,2023-09-14 01:48:37.656049,249.22
7FCO8S,2023-04-01 01:48:37.656049,276.15
H2G1HG,2023-09-08 01:48:37.656050,260.33
3LW4OK,2023-01-16 01:48:37.656051,97.73
EN13UK,2023-02-04 01:48:37.656052,409.85
ORG9QL,2022-11-04 01:48:37.656052,386.75
HB7WME,2023-02-19 01:48:37.656053,113.54
11H00L,2023-01-09 01:48:37.656054,21.16
OZ0GS7,2023-01-23 01:48:37.656055,435.48
IPX0AZ,2023-02-18 01:48:37.656056,22.42
URLBQC,2023-04-10 01:48:37.656056,21.96
UF8FW4,2023-02-18 01:48:37.656057,400.25
01KLNW,2023-03-12 01:48:37.656058,234.06
PRRPEF,2022-10-12 01:48:37.656059,33.18
IDIY1S,2023-03-18 01:48:37.656060,74.12
TY9H81,2023-06-22 01:48:37.656060,38.72
FEI95C,2023-04-30 01:48:37.656061,88.35
AYBETQ,2023-07-20 01:48:37.656062,117.66
5DCOWS,2023-01-09 01:48:37.656063,56.01
0YJDTK,2023-04-11 01:48:37.656064,121.69
4FWGJW,2023-01-10 01:48:37.656064,93.45
1N8E2P,2023-04-08 01:48:37.656065,45.26
FQNYRX,2023-08-18 01:48:37.656066,223.79
2Q5YNT,2022-11-08 01:48:37.656067,92.92
C9BGR5,2023-05-25 01:48:37.656068,184.83
7SWKNW,2022-12-21 01:48:37.656068,187.25
8I8FPT,2022-11-28 01:48:37.656069,157.15
OODRJ7,2023-05-18 01:48:37.656070,338.79
4TP5WY,2022-11-15 01:48:37.656071,10.51
ZB60B8,2023-04-22 01:48:37.656072,84.35
9XJ3GR,2023-08-18 01:48:37.656072,482.18
MNKAMU,2022-09-23 01:48:37.656073,137.07
6R01LO,2023-02-04 01:48:37.656074,199.44
77SF1P,2023-05-04 01:48:37.656075,230.42
UF1UCD,2023-01-17 01:48:37.656075,441.39
OMQ7I4,2023-03-26 01:48:37.656076,374.14
XUJFXF,2022-12-09 01:48:37.656077,194.67
21LUGN,2023-09-12 01:48:37.656078,136.73
MJQ4D8,2023-02-23 01:48:37.656079,449.16
NGMXA4,2023-01-26 01:48:37.656080,370.25
PJK1IZ,2023-04-13 01:48:37.656080,386.07
0Q4CLC,2023-01-27 01:48:37.656081,350.87
HP3DX7,2022-10-06 01:48:37.656082,142.35
REE4PF,2023-02-10 01:48:37.656083,55.14
6JEOEE,2023-08-26 01:48:37.656084,129.49
GQQBDU,2023-08-16 01:48:37.656089,313.35
1818QZ,2023-05-26 01:48:37.656090,473.58
7JK9GV,2022-12-02 01:48:37.656090,245.83
X44S2J,2023-08-21 01:48:37.656091,448.8
V679HW,2023-03-19 01:48:37.656092,374.92
81NQZA,2023-08-23 01:48:37.656093,271.61
VF2DSX,2023-03-04 01:48:37.656094,241.16
15ABJ2,2022-11-08 01:48:37.656094,68.63
M07WJF,2023-03-03 01:48:37.656095,367.78
GQFRQX,2022-10-16 01:48:37.656096,422.42
6N3WDI,2022-11-11 01:48:37.656097,471.63
3XB784,2023-06-29 01:48:37.656098,114.77
GKS81N,2023-08-16 01:48:37.656098,321.88
X130PP,2022-12-16 01:48:37.656099,181.54
1K8SXX,2023-05-13 01:48:37.656100,365.78
OT1YZ6,2022-11-02 01:48:37.656101,165.18
RI6MWQ,2022-12-24 01:48:37.656102,297.04
JDQGQ3,2022-11-25 01:48:37.656102,135.71
NDA906,2023-02-07 01:48:37.656103,18.22
6NMUTP,2023-07-31 01:48:37.656104,116.97
38H1F5,2023-04-27 01:48:37.656105,347.66
BL07A9,2022-11-26 01:48:37.656106,105.78
6537D6,2022-10-27 01:48:37.656106,364.82
MEX1D6,2022-09-20 01:48:37.656107,20.59
WY0DV8,2023-06-24 01:48:37.656108,266.82
KBCPRC,2023-05-06 01:48:37.656109,267.69
990XKY,2022-10-26 01:48:37.656109,345.73
R17M2J,2023-02-26 01:48:37.656110,184.77
A6T0RD,2023-01-17 01:48:37.656111,86.67
J55IVD,2023-06-20 01:48:37.656112,385.01
VXEWIG,2023-05-12 01:48:37.656113,226.7
R3FFRE,2023-07-03 01:48:37.656113,26.14
8CFK1L,2022-11-29 01:48:37.656114,129.14
AL1WDE,2023-04-03 01:48:37.656115,447.09
RO1XQV,2023-06-19 01:48:37.656116,409.07
4ZYB7Z,2022-11-01 01:48:37.656117,421.84
C18NDP,2023-02-16 01:48:37.656117,214.9
RI6MWQ,2022-11-12 01:48:37.656118,242.86
V3H642,2022-12-16 01:48:37.656119,281.5
L7OGB4,2022-10-12 01:48:37.656120,127.16
2RPEQP,2023-09-07 01:48:37.656120,458.27
OZJ4SE,2023-08-18 01:48:37.656121,212.63
1N8E2P,2023-06-19 01:48:37.656122,433.22
8BMLFY,2023-02-15 01:48:37.656123,462.08
8920TF,2023-09-09 01:48:37.656123,483.85
IQFK18,2023-01-18 01:48:37.656124,256.68
ZPK3FC,2023-05-14 01:48:37.656125,493.87
3HFRWY,2023-01-02 01:48:37.656126,192.09
UNELV5,2023-02-19 01:48:37.656127,381.17
0ESTRP,2023-01-08 01:48:37.656127,376.66
9XJ3GR,2022-10-25 01:48:37.656128,367.99
4ZYB7Z,2023-07-28 01:48:37.656129,209.7
9R3U3L,2023-01-19 01:48:37.656130,271.43
U0HOPC,2022-11-09 01:48:37.656130,136.17
80SNRY,2023-09-05 01:48:37.656131,319.66
U8AVXT,2023-03-23 01:48:37.656132,448.85
FUO297,2022-10-05 01:48:37.656133,462.03
38JCNV,2023-06-11 01:48:37.656134,460.58
9PJS3E,2022-11-11 01:48:37.656134,221.3
E2KMJH,2023-07-11 01:48:37.656135,187.69
CZB05P,2022-09-28 01:48:37.656136,214.94
QKW9UR,2023-01-10 01:48:37.656137,79.04
6BJEQW,2023-02-15 01:48:37.656138,405.64
8I8FPT,2023-01-10 01:48:37.656138,38.15
VINI7U,2023-06-20 01:48:37.656139,81.66
45ZEYX,2023-02-20 01:48:37.656140,207.79
7520IN,2023-01-20 01:48:37.656141,334.17
WQ9EZX,2023-03-23 01:48:37.656142,111.88
0AO711,2022-10-21 01:48:37.656143,435.09
RO1XQV,2023-08-18 01:48:37.656143,248.56
92IY5S,2022-10-13 01:48:37.656144,464.59
8CFK1L,2023-07-12 01:48:37.656145,151.22
B8PQV3,2023-06-21 01:48:37.656146,465.67
8RFNUN,2023-05-07 01:48:37.656147,396.64
8OVGRI,2023-01-04 01:48:37.656147,165.09
TN0KBG,2022-12-24 01:48:37.656148,282.02
AL46MU,2023-09-11 01:48:37.656149,327.98
15ABJ2,2023-02-10 01:48:37.656150,451.71
G11PZ5,2022-10-11 01:48:37.656151,498.16
T8O1KA,2023-01-11 01:48:37.656151,68.33
7UN9PA,2023-06-07 01:48:37.656152,89.12
2O4R3A,2022-10-12 01:48:37.656153,349.11
7GXX26,2023-08-17 01:48:37.656154,23.49
TOS0ZS,2023-06-23 01:48:37.656155,334.54
Y0XFSN,2023-08-28 01:48:37.656155,74.22
XFVSMK,2022-12-16 01:48:37.656156,337.15
C9BGR5,2023-02-03 01:48:37.656157,153.28
BFNHCB,2022-10-02 01:48:37.656158,386.33
5ARKNW,2023-02-23 01:48:37.656159,22.05
29AOBS,2023-06-01 01:48:37.656159,247.82
7NL3AZ,2023-06-22 01:48:37.656160,97.33
607DDA,2023-05-24 01:48:37.656161,259.1
20DFJ1,2023-02-13 01:48:37.656162,497.56
HP3DX7,2022-10-13 01:48:37.656162,304.53
O3VDTS,2023-04-13 01:48:37.656163,267.72
0VIP7Y,2022-12-11 01:48:37.656164,89.27
0FTWL3,2022-12-05 01:48:37.656165,487.3
5XK6FB,2022-11-08 01:48:37.656166,342.5
RO6IU4,2022-10-11 01:48:37.656166,17.56
B4M3GG,2023-07-11 01:48:37.656167,160.01
2O4R3A,2023-08-19 01:48:37.656168,245.84
D474M9,2023-03-23 01:48:37.656169,150.75
LBIHPJ,2023-08-10 01:48:37.656170,51.11
U4P18O,2023-09-16 01:48:37.656170,288.33
H1X3XT,2023-01-17 01:48:37.656171,128.78
CCMZVS,2023-02-22 01:48:37.656172,34.4
U0HOPC,2022-12-28 01:48:37.656173,149.54
9GE1UD,2023-05-16 01:48:37.656174,309.28
FEI95C,2023-03-24 01:48:37.656174,344.79
Z07FOR,2023-07-11 01:48:37.656175,470.54
JDSGK3,2023-07-30 01:48:37.656176,462.97
K514FP,2022-10-23 01:48:37.656177,37.94
4KRGHO,2023-09-04 01:48:37.656178,219.33
ONGTOV,2023-08-03 01:48:37.656178,377.45
CFG11M,2023-02-10 01:48:37.656179,199.62
0TLNE0,2023-06-10 01:48:37.656180,488.13
FEI95C,2022-12-19 01:48:37.656181,476.18
BL07A9,2023-06-03 01:48:37.656182,408.58
5Y72DO,2022-10-23 01:48:37.656183,44.12
H2G1HG,2023-02-20 01:48:37.656184,28.26
536WFD,2023-07-06 01:48:37.656184,280.64
KJVNUD,2023-06-19 01:48:37.656185,426.84
8WU3Q2,2023-07-12 01:48:37.656186,196.95
Z07FOR,2023-06-06 01:48:37.656187,138.41
VRHO0U,2022-12-21 01:48:37.656188,263.96
KRBM96,2023-02-05 01:48:37.656188,384.6
HN3TI3,2022-10-18 01:48:37.656189,366.62
0MC6E0,2023-08-12 01:48:37.656190,446.03
PT0YF9,2023-09-07 01:48:37.656191,105.7
TM8A3V,2022-12-20 01:48:37.656191,442.14
EPF9X6,2023-08-12 01:48:37.656192,448.94
5GY6YB,2023-08-09 01:48:37.656193,197.34
HFQBZL,2022-12-28 01:48:37.656194,447.34
EFBIRN,2023-04-22 01:48:37.656195,436.11
AZ1YF9,2022-11-25 01:48:37.656195,414.5
PT0YF9,2023-06-30 01:48:37.656196,387.51
BD3QGC,2023-02-01 01:48:37.656197,436.52
T1GPW6,2023-08-22 01:48:37.656198,475.59
GZPWZR,2023-05-18 01:48:37.656199,156.93
HP1UVE,2023-05-02 01:48:37.656199,40.75
Y6BODW,2022-10-16 01:48:37.656200,478.3
D474M9,2023-04-22 01:48:37.656201,296.13
DY82JU,2023-02-15 01:48:37.656202,112.1
KSC92W,2023-04-26 01:48:37.656203,357.19
TPMCKA,2022-10-31 01:48:37.656203,83.31
OOME43,2023-04-02 01:48:37.656204,484.92
EFRTKQ,2022-11-05 01:48:37.656205,233.46
V7JIL1,2022-10-10 01:48:37.656206,145.83
OMQ7I4,2023-06-23 01:48:37.656207,419.07
5GV2SS,2023-05-13 01:48:37.656207,467.43
OT1YZ6,2023-04-12 01:48:37.656208,81.37
314SVO,2023-04-02 01:48:37.656209,437.32
NDA906,2022-10-22 01:48:37.656210,200.57
MLRNVL,2022-09-23 01:48:37.656211,462.2
J5SAUB,2023-02-16 01:48:37.656212,128.75
LYBHP9,2022-11-27 01:48:37.656212,466.33
Y25NZL,2023-08-12 01:48:37.656213,103.9
L0D0XC,2023-04-30 01:48:37.656214,380.31
V679HW,2023-07-01 01:48:37.656215,380.09
44GA8M,2023-01-30 01:48:37.656215,400.02
EEPRT8,2023-02-11 01:48:37.656216,96.88
GNPBUH,2022-12-18 01:48:37.656217,368.78
USM9ST,2022-10-07 01:48:37.656218,182.24
8TEFSZ,2023-07-27 01:48:37.656219,69.18
WNFQT9,2022-10-30 01:48:37.656219,147.04
LJFP07,2022-11-02 01:48:37.656220,194.63
IK4QV9,2023-03-07 01:48:37.656221,31.39
25N2Y1,2023-02-09 01:48:37.656222,180.99
MERDGB,2023-03-22 01:48:37.656222,395.93
E9I1RP,2023-05-15 01:48:37.656223,455.57
IRCQ73,2023-04-15 01:48:37.656224,305.11
V7JIL1,2023-01-20 01:48:37.656225,105.61
C9BGR5,2023-01-31 01:48:37.656226,115.99
8OVGRI,2023-07-07 01:48:37.656226,389.81
V5RNVK,2022-11-21 01:48:37.656227,470.65
5DQA9U,2023-06-28 01:48:37.656228,55.47
EAOBR0,2023-07-26 01:48:37.656229,459.65
565WB4,2023-01-01 01:48:37.656230,490.71
ZCXNWZ,2023-07-10 01:48:37.656230,393.4
ONGTOV,2022-11-19 01:48:37.656231,46.77
CD7FNE,2023-09-04 01:48:37.656232,177.77
9F09N5,2023-04-22 01:48:37.656233,469.14
O75CGF,2023-06-12 01:48:37.656234,238.91
3E5N1T,2023-07-25 01:48:37.656234,99.53
TY9H81,2023-03-29 01:48:37.656235,402.31
E5MO32,2022-12-16 01:48:37.656236,390.21
INPLMQ,2023-03-25 01:48:37.656237,263.68
79AI3N,2023-06-24 01:48:37.656237,450.87
OYQSXC,2023-03-11 01:48:37.656238,349.79
OG99KW,2022-12-08 01:48:37.656239,33.95
GAL1OA,2022-10-26 01:48:37.656240,154.78
TM8A3V,2022-10-16 01:48:37.656241,31.57
MDWMTS,2023-04-24 01:48:37.656242,52.65
QDXHCO,2022-12-14 01:48:37.656242,413.74
Z4UUK7,2023-09-16 01:48:37.656243,229.74
PJK1IZ,2023-08-14 01:48:37.656244,62.49
FUO297,2023-03-25 01:48:37.656245,55.76
A9RMVM,2023-01-04 01:48:37.656246,48.59
4JNE4E,2022-09-25 01:48:37.656246,82.74
66Q990,2023-08-22 01:48:37.656247,468.75
LH9G83,2023-06-20 01:48:37.656248,50.21
YIJ6WP,2022-10-24 01:48:37.656249,107.77
YG3QP1,2023-09-16 01:48:37.656250,487.03
2R9IGJ,2022-12-12 01:48:37.656250,382.27
KM2BGY,2022-09-28 01:48:37.656251,161.5
HP1UVE,2023-02-12 01:48:37.656252,136.44
YVUOKD,2023-05-10 01:48:37.656253,21.0
SQJ436,2022-12-14 01:48:37.656254,296.65
MJQ4D8,2022-12-24 01:48:37.656254,269.28
WVY910,2023-08-29 01:48:37.656255,368.52
HP3DX7,2023-08-06 01:48:37.656256,291.09
5FQDFJ,2023-02-16 01:48:37.656257,499.82
HP1UVE,2023-01-11 01:48:37.656258,192.24
E4BMWL,2023-03-18 01:48:37.656259,412.67
JI2GXJ,2022-12-27 01:48:37.656259,327.23
0OA38Q,2022-11-28 01:48:37.656260,90.28
JRV203,2022-11-12 01:48:37.656261,135.75
9P1EFC,2023-05-25 01:48:37.656262,252.55
V5RNVK,2023-05-31 01:48:37.656263,85.21
6OC0WZ,2023-01-18 01:48:37.656263,287.32
0CO9J1,2023-09-13 01:48:37.656264,182.98
P7ROPE,2023-08-21 01:48:37.656265,109.15
5IJ4I4,2022-12-21 01:48:37.656266,389.11
GQFRQX,2022-11-06 01:48:37.656266,482.03
JO2D2Z,2023-09-01 01:48:37.656267,338.48
5RIXJ4,2023-02-09 01:48:37.656268,94.7
S1H208,2022-10-15 01:48:37.656269,158.94
5Z4O4C,2023-03-25 01:48:37.656269,85.64
E4BMWL,2023-08-13 01:48:37.656270,325.14
KUR7TJ,2023-05-23 01:48:37.656271,494.33
FT0EZE,2022-10-01 01:48:37.656272,490.38
KIILFG,2022-09-20 01:48:37.656273,159.16
ZPK3FC,2022-10-16 01:48:37.656273,61.62
TVUKT8,2023-03-23 01:48:37.656274,462.42
A3LYN1,2022-11-18 01:48:37.656275,90.29
OZ0GS7,2023-06-16 01:48:37.656276,453.99
7HAMEZ,2022-09-29 01:48:37.656277,250.33
MJXDIA,2023-04-05 01:48:37.656277,237.33
6XCITH,2023-02-27 01:48:37.656278,87.05
CZB05P,2022-10-08 01:48:37.656279,172.97
3Y59RI,2022-12-07 01:48:37.656280,176.02
38H1F5,2023-07-31 01:48:37.656281,294.4
USQ90V,2022-11-10 01:48:37.656281,80.87
HN3TI3,2022-10-18 01:48:37.656282,215.82
70IJXQ,2023-06-08 01:48:37.656283,50.35
X0TQF2,2023-05-22 01:48:37.656284,336.63
M8M790,2022-12-25 01:48:37.656285,172.86
5MP4FC,2023-05-30 01:48:37.656285,195.91
7FCO8S,2023-06-23 01:48:37.656286,328.64
BBAW4V,2023-03-19 01:48:37.656287,38.84
LXA5FB,2023-01-02 01:48:37.656288,129.29
991UU7,2022-10-09 01:48:37.656289,43.16
LEI6G7,2023-06-24 01:48:37.656289,395.53
EVG652,2022-09-25 01:48:37.656290,134.57
K514FP,2023-02-12 01:48:37.656291,353.6
40AKTF,2022-10-25 01:48:37.656292,497.52
FI246K,2023-09-08 01:48:37.656293,216.03
IDIY1S,2023-01-26 01:48:37.656293,403.74
3Q3KE2,2023-05-23 01:48:37.656294,76.7
HP3DX7,2022-12-06 01:48:37.656295,22.78
7XXEIN,2023-04-08 01:48:37.656296,372.89
B8PQV3,2022-11-02 01:48:37.656297,75.69
Z3CKCC,2023-03-31 01:48:37.656298,248.39
JXSUTK,2022-12-24 01:48:37.656298,131.22
ZIPDJH,2023-02-02 01:48:37.656299,87.24
EEPRT8,2023-03-27 01:48:37.656300,171.99
3N8XTQ,2022-12-24 01:48:37.656301,320.34
2HQW6R,2023-05-08 01:48:37.656302,73.19
MYFEA8,2023-04-25 01:48:37.656302,280.95
6R01LO,2023-08-14 01:48:37.656303,317.84
K9TZDB,2023-04-23 01:48:37.656304,22.47
UST5P1,2023-03-29 01:48:37.656305,371.74
Y0XG1C,2022-09-29 01:48:37.656305,181.92
5ARKNW,2023-08-14 01:48:37.656306,196.56
LTMLZJ,2023-02-28 01:48:37.656307,93.6
GCL7TL,2023-06-05 01:48:37.656308,316.23
HLECAG,2023-01-03 01:48:37.656309,92.56
W0OI7Z,2022-12-31 01:48:37.656309,381.53
2HQW6R,2023-02-06 01:48:37.656310,353.08
0YJDTK,2023-04-12 01:48:37.656311,447.48
77H7PE,2022-12-06 01:48:37.656312,97.23
28DW59,2023-04-27 01:48:37.656313,209.76
QD1X66,2022-10-25 01:48:37.656314,312.04
HGEFDE,2023-05-20 01:48:37.656314,282.16
PJK1IZ,2023-08-19 01:48:37.656315,216.36
1N8E2P,2023-07-26 01:48:37.656316,38.65
V0H9DO,2022-10-29 01:48:37.656317,318.73
KWH224,2023-05-06 01:48:37.656317,327.84
NRQWSE,2023-07-12 01:48:37.656318,479.96
5VZF0F,2023-01-11 01:48:37.656319,341.54
2YZX6P,2022-11-27 01:48:37.656320,466.5
L4MDPH,2023-05-02 01:48:37.656320,374.42
1CYU1A,2023-05-20 01:48:37.656321,224.0
7SWKNW,2023-07-12 01:48:37.656322,415.78
BXGSR9,2023-01-08 01:48:37.656323,352.66
OUQY8Y,2023-03-17 01:48:37.656324,357.93
2U73HO,2023-07-23 01:48:37.656324,157.93
PTVAQ8,2023-06-18 01:48:37.656325,255.55
6ROJJ9,2023-07-19 01:48:37.656326,56.19
SQJ436,2023-05-12 01:48:37.656327,21.49
S43CV2,2023-05-12 01:48:37.656327,39.03
ABMOMV,2023-07-25 01:48:37.656328,157.11
7AUDP9,2022-09-25 01:48:37.656329,283.16
VF2DSX,2023-08-19 01:48:37.656330,46.7
PKEFK6,2023-04-08 01:48:37.656331,116.39
V7JIL1,2023-05-20 01:48:37.656331,35.06
8RFNUN,2023-04-07 01:48:37.656332,401.1
NK80H3,2023-03-06 01:48:37.656333,62.22
GNPBUH,2023-06-13 01:48:37.656334,490.73
0MC6E0,2022-11-21 01:48:37.656334,122.29
B7OD97,2022-10-22 01:48:37.656335,38.39
IRCQ73,2023-07-27 01:48:37.656336,293.86
HFNUUK,2023-07-26 01:48:37.656337,217.1
R17M2J,2023-07-26 01:48:37.656338,161.67
8DQHKS,2023-06-20 01:48:37.656339,490.34
2XQ3Z5,2022-10-28 01:48:37.656339,472.53
THAX18,2023-05-28 01:48:37.656340,381.38
LRNHG5,2023-09-02 01:48:37.656341,344.69
D570CW,2023-08-17 01:48:37.656342,466.65
UST5P1,2023-03-04 01:48:37.656342,147.39
YIH2T7,2023-07-29 01:48:37.656343,437.52
ZQOAHL,2023-07-15 01:48:37.656344,273.78
2EGNNC,2023-01-04 01:48:37.656345,158.54
R1PALA,2023-03-11 01:48:37.656346,420.76
YDJJ1F,2023-07-14 01:48:37.656347,66.89
OZJFN8,2023-02-17 01:48:37.656347,201.97
ONGTOV,2023-07-16 01:48:37.656348,23.04
6NMUTP,2023-03-25 01:48:37.656349,212.28
W7QB83,2023-06-02 01:48:37.656350,125.24
DG3GGM,2023-03-12 01:48:37.656350,50.06
DJPDLM,2023-08-31 01:48:37.656351,305.88
EPF9X6,2022-10-19 01:48:37.656352,442.55
EN13UK,2023-05-17 01:48:37.656353,57.09
ICX0DW,2023-04-05 01:48:37.656354,37.1
MERDGB,2023-08-25 01:48:37.656354,229.64
3XUG8A,2023-06-05 01:48:37.656355,367.13
CD7FNE,2023-08-20 01:48:37.656356,292.87
OODRJ7,2023-03-02 01:48:37.656357,152.08
AL1WDE,2023-04-27 01:48:37.656357,225.13
NAQAO9,2023-01-21 01:48:37.656358,59.34
YF11NC,2023-04-26 01:48:37.656360,392.3
MLRNVL,2022-10-10 01:48:37.656361,125.42
LWWE5E,2023-07-04 01:48:37.656362,154.44
7GXX26,2023-09-06 01:48:37.656363,224.31
WPWB9C,2023-07-20 01:48:37.656363,147.54
AXO5AE,2023-06-13 01:48:37.656364,23.83
4HPZJZ,2023-01-11 01:48:37.656365,163.48
IO8H11,2023-04-08 01:48:37.656366,414.16
1CYU1A,2022-10-16 01:48:37.656367,389.75
8RFNUN,2023-02-09 01:48:37.656367,228.51
EN13UK,2022-11-14 01:48:37.656368,23.03
A15JU7,2023-08-11 01:48:37.656369,369.96
W0OI7Z,2022-10-09 01:48:37.656370,272.3
2L0ML9,2023-06-25 01:48:37.656371,191.94
B7BKT1,2023-08-03 01:48:37.656371,486.38
AL1WDE,2023-09-08 01:48:37.656372,465.33
BT078G,2023-06-27 01:48:37.656373,289.86
I3GJTW,2023-01-17 01:48:37.656374,300.45
CVJ2H3,2023-09-07 01:48:37.656374,247.44
ICX0DW,2022-11-07 01:48:37.656375,370.12
YF11NC,2023-07-17 01:48:37.656376,459.9
EX9N6I,2023-07-22 01:48:37.656377,134.21
Q0B228,2022-12-27 01:48:37.656378,395.43
QDPP1J,2022-10-15 01:48:37.656378,382.1
DDQGQL,2023-08-28 01:48:37.656379,242.65
3Q2ZZW,2022-10-23 01:48:37.656380,156.12
U9VV5C,2022-10-27 01:48:37.656381,475.7
LBTJCO,2023-08-22 01:48:37.656382,302.74
N4IX1M,2023-06-08 01:48:37.656382,208.0
3XB784,2022-11-23 01:48:37.656383,78.31
TN0KBG,2023-06-16 01:48:37.656384,203.25
8OVGRI,2022-11-26 01:48:37.656385,68.3
DGOPCF,2023-03-02 01:48:37.656385,338.32
E5MO32,2023-06-09 01:48:37.656386,193.92
WTYYJ7,2023-04-16 01:48:37.656387,106.86
SQJ436,2023-06-21 01:48:37.656388,269.54
GGH7JP,2023-06-04 01:48:37.656389,496.86
JDSGK3,2023-07-02 01:48:37.656389,307.18
TN0KBG,2023-04-04 01:48:37.656390,100.28
ZCXNWZ,2023-08-02 01:48:37.656391,160.24
6537D6,2023-02-26 01:48:37.656392,19.21
HEG2OP,2022-11-11 01:48:37.656392,321.44
21LUGN,2023-09-14 01:48:37.656393,358.01
VQMUS4,2023-09-18 01:48:37.656394,200.59
LEYWO3,2022-11-26 01:48:37.656395,317.09
F3DLDP,2023-07-23 01:48:37.656396,393.75
MLRNVL,2023-06-13 01:48:37.656396,208.67
OZ0GS7,2023-04-18 01:48:37.656397,101.71
MDWMTS,2023-07-11 01:48:37.656398,49.29
2DKQ1S,2023-05-31 01:48:37.656399,419.49
N0RJHQ,2022-10-08 01:48:37.656399,362.53
EHJZPP,2022-10-16 01:48:37.656400,384.08
4HPZJZ,2022-11-21 01:48:37.656401,391.22
T1GPW6,2022-09-22 01:48:37.656402,440.81
JAGCVX,2023-05-27 01:48:37.656403,342.12
VM438A,2022-10-23 01:48:37.656404,79.1
9PJS3E,2023-06-15 01:48:37.656404,13.13
6OC0WZ,2023-08-02 01:48:37.656405,408.61
W43Z1R,2023-01-27 01:48:37.656406,145.51
YY8MC8,2023-04-17 01:48:37.656407,271.28
T2WGKS,2023-01-16 01:48:37.656408,77.26
MJXDIA,2023-09-17 01:48:37.656408,22.5
8DTP6G,2023-07-26 01:48:37.656409,189.0
IRCQ73,2023-02-21 01:48:37.656410,36.75
CGBFDM,2023-08-10 01:48:37.656411,219.6
9BX8WA,2022-11-21 01:48:37.656411,24.09
UUJHG6,2022-12-16 01:48:37.656412,132.01
D2SLGE,2023-07-30 01:48:37.656413,135.7
4JNE4E,2023-03-17 01:48:37.656414,250.59
T3IAGH,2023-08-08 01:48:37.656415,358.81
NP1NKG,2023-03-08 01:48:37.656415,336.0
TACJCK,2022-11-28 01:48:37.656416,150.8
4HPZJZ,2023-03-21 01:48:37.656417,207.28
USM9ST,2023-05-19 01:48:37.656418,199.13
8H1S1S,2023-03-11 01:48:37.656419,174.27
QJQOHK,2023-04-21 01:48:37.656419,410.86
YHSHMT,2023-05-08 01:48:37.656420,371.19
WH2J2Z,2023-03-06 01:48:37.656421,345.25
7GXX26,2022-09-21 01:48:37.656422,205.74
9F09N5,2022-10-16 01:48:37.656423,399.12
TY9H81,2023-03-25 01:48:37.656423,213.64
A9RMVM,2023-06-03 01:48:37.656424,423.82
PD4W8W,2023-07-26 01:48:37.656425,134.88
GNPBUH,2022-10-08 01:48:37.656426,90.98
U7M7CG,2023-07-24 01:48:37.656426,421.04
W7YW2D,2022-11-21 01:48:37.656427,21.83
2HQW6R,2023-03-11 01:48:37.656428,175.53
NZWR70,2023-06-16 01:48:37.656429,268.75
9HYSN5,2023-03-09 01:48:37.656430,115.12
V1RDLK,2022-11-24 01:48:37.656430,429.97
60K37B,2022-12-05 01:48:37.656431,278.62
UF1UCD,2023-01-22 01:48:37.656432,100.19
6OC0WZ,2022-11-02 01:48:37.656433,177.86
4TXK85,2023-02-28 01:48:37.656434,392.33
QFK7S3,2023-03-11 01:48:37.656434,205.0
1OI8PH,2022-10-24 01:48:37.656435,229.69
TVUKT8,2022-12-16 01:48:37.656436,360.64
EUI4Y0,2022-12-04 01:48:37.656437,435.6
Z8M49T,2022-12-13 01:48:37.656438,223.67
51LNUC,2022-10-12 01:48:37.656438,274.31
RM9JD6,2023-01-28 01:48:37.656439,316.96
U0HOPC,2022-10-26 01:48:37.656440,157.31
7GXX26,2023-05-08 01:48:37.656441,221.72
4NIMJW,2023-01-11 01:48:37.656441,55.05
Y8ZA5X,2023-06-18 01:48:37.656442,174.62
T2VILG,2023-06-07 01:48:37.656443,434.77
Q5YYBC,2023-02-18 01:48:37.656444,190.24
K7BGY5,2022-10-12 01:48:37.656445,337.01
U4M1HR,2023-06-03 01:48:37.656445,295.17
MYL9OZ,2023-08-11 01:48:37.656446,441.9
NRH374,2022-11-27 01:48:37.656447,157.33
NSTKAH,2023-03-02 01:48:37.656448,466.34
DN3PYR,2023-08-22 01:48:37.656449,106.73
VGR5RH,2023-09-14 01:48:37.656449,310.65
2NM9V6,2023-08-21 01:48:37.656450,182.38
T57H4F,2023-03-02 01:48:37.656451,216.19
8TEFSZ,2023-03-13 01:48:37.656452,104.86
RI6MWQ,2023-04-02 01:48:37.656452,347.06
YF11NC,2022-12-23 01:48:37.656453,497.09
B6QRSK,2023-03-11 01:48:37.656454,82.32
WPWB9C,2023-01-18 01:48:37.656455,271.47
B6QRSK,2023-05-14 01:48:37.656456,372.46
GGH7JP,2023-09-14 01:48:37.656456,493.22
NU1P27,2023-04-01 01:48:37.656457,169.07
L7OGB4,2023-08-12 01:48:37.656458,146.34
2BVACJ,2023-05-08 01:48:37.656459,348.55
7TFDAV,2022-12-07 01:48:37.656459,249.48
E6MJOE,2022-11-14 01:48:37.656460,417.61
A6T0RD,2023-04-20 01:48:37.656461,415.93
TPBJ79,2023-05-24 01:48:37.656462,382.79
QSFLL0,2023-06-04 01:48:37.656462,101.17
7FCO8S,2023-09-08 01:48:37.656463,94.05
A15JU7,2023-04-08 01:48:37.656464,353.71
J55IVD,2023-09-01 01:48:37.656465,435.07
4FWGJW,2023-04-12 01:48:37.656466,434.87
6XCITH,2022-09-22 01:48:37.656466,421.86
7SWKNW,2023-05-02 01:48:37.656467,288.75
FBRDB0,2023-03-02 01:48:37.656468,218.09
38H1F5,2022-10-06 01:48:37.656469,409.24
RC5IBA,2023-04-11 01:48:37.656470,196.77
MLRNVL,2023-04-30 01:48:37.656470,405.28
9BX8WA,2022-10-21 01:48:37.656471,113.76
ADA2IV,2022-12-31 01:48:37.656472,245.65
R17M2J,2023-05-02 01:48:37.656473,154.09
FVOBXF,2023-05-06 01:48:37.656474,191.31
O2ETM1,2023-07-22 01:48:37.656474,420.99
LACQQB,2023-09-13 01:48:37.656475,49.53
8DTP6G,2023-08-10 01:48:37.656476,440.8
URLBQC,2023-05-19 01:48:37.656477,178.28
TAMPM4,2022-12-30 01:48:37.656477,124.13
TJHGIK,2023-02-27 01:48:37.656478,107.3
47EK8B,2022-11-29 01:48:37.656479,438.8
YDJJ1F,2022-11-07 01:48:37.656480,162.05
60K37B,2023-06-08 01:48:37.656480,120.39
FJ65KI,2022-10-31 01:48:37.656481,373.53
THAX18,2023-05-20 01:48:37.656482,140.46
XX4T6Z,2022-12-06 01:48:37.656483,363.05
YIJ6WP,2023-08-13 01:48:37.656484,129.37
IEJ8U9,2023-09-11 01:48:37.656485,96.22
51LNUC,2023-02-06 01:48:37.656485,199.61
I6YRVR,2023-05-22 01:48:37.656486,310.63
L8246R,2023-05-01 01:48:37.656487,345.18
UNELV5,2022-11-05 01:48:37.656488,20.17
464KA7,2023-03-20 01:48:37.656488,425.8
W391QL,2022-12-24 01:48:37.656489,311.14
D78QCA,2023-07-31 01:48:37.656490,285.03
IU47EU,2023-06-27 01:48:37.656491,206.99
PKEFK6,2022-10-01 01:48:37.656492,175.15
21LUGN,2022-12-20 01:48:37.656492,410.32
HAWS60,2023-06-14 01:48:37.656493,74.12
PKEFK6,2023-04-23 01:48:37.656494,72.63
Y1ZUZ8,2023-01-19 01:48:37.656495,486.02
X4PZPG,2022-11-07 01:48:37.656496,360.77
7AA6IS,2023-02-04 01:48:37.656496,60.28
9LI7CC,2022-09-28 01:48:37.656497,348.82
W6VY1J,2022-11-19 01:48:37.656498,455.92
TJGXXW,2023-01-20 01:48:37.656499,303.85
B7BKT1,2023-01-02 01:48:37.656500,255.09
EHJZPP,2023-01-08 01:48:37.656500,423.4
D78QCA,2023-01-14 01:48:37.656501,191.15
173DXD,2023-06-08 01:48:37.656502,145.29
PMWOG3,2022-10-01 01:48:37.656503,251.4
C73YYV,2023-05-19 01:48:37.656504,416.39
5MP4FC,2023-09-17 01:48:37.656504,278.05
HY1QVT,2023-04-22 01:48:37.656505,393.61
BX4P86,2022-10-24 01:48:37.656506,420.87
0Q70OR,2023-01-01 01:48:37.656507,292.33
KGSOC3,2022-12-14 01:48:37.656507,24.0
0R72B1,2023-04-15 01:48:37.656508,82.34
AN7NHS,2023-03-29 01:48:37.656509,496.76
6N3WDI,2023-07-10 01:48:37.656510,18.23
AL1WDE,2023-07-31 01:48:37.656511,214.43
7GXX26,2023-06-15 01:48:37.656511,406.8
E5MO32,2023-02-09 01:48:37.656512,317.26
0QTTWK,2022-11-25 01:48:37.656513,201.73
S97AD3,2022-12-05 01:48:37.656514,378.83
YVUOKD,2023-04-16 01:48:37.656515,96.43
W7QB83,2022-09-20 01:48:37.656515,50.04
SGV32V,2023-08-02 01:48:37.656516,358.45
5XK6FB,2022-10-03 01:48:37.656517,449.4
OCHHWP,2022-12-24 01:48:37.656518,235.4
44GA8M,2023-04-28 01:48:37.656518,11.77
LXA5FB,2023-03-27 01:48:37.656519,452.0
W9SOIL,2023-04-08 01:48:37.656520,93.83
0YYKWO,2022-12-15 01:48:37.656521,467.41
EFRTKQ,2023-08-11 01:48:37.656521,332.09
TJHGIK,2023-05-16 01:48:37.656522,320.4
ZE4OFR,2022-10-30 01:48:37.656523,68.48
3NV719,2022-12-11 01:48:37.656524,359.87
ABMOMV,2023-08-01 01:48:37.656525,204.3
5AMTKU,2022-12-25 01:48:37.656525,168.55
VDDW7E,2023-05-14 01:48:37.656526,81.65
ZRVTVO,2023-05-25 01:48:37.656527,424.17
3Q2ZZW,2023-06-05 01:48:37.656528,472.06
OISHA3,2022-11-01 01:48:37.656528,320.29
MERDGB,2023-07-17 01:48:37.656529,295.39
EHJZPP,2022-10-23 01:48:37.656530,466.54
L3NFTZ,2023-01-11 01:48:37.656531,256.51
FADA8G,2023-01-06 01:48:37.656531,40.98
5AMTKU,2023-08-14 01:48:37.656532,295.49
274899,2023-07-16 01:48:37.656533,370.85
SZ6PQB,2023-04-13 01:48:37.656534,200.07
ONT73L,2022-10-02 01:48:37.656535,230.34
TXHBRP,2023-05-16 01:48:37.656536,433.84
CT5HZG,2023-06-07 01:48:37.656536,398.55
BXGSR9,2023-03-31 01:48:37.656537,111.19
WQ9EZX,2022-10-28 01:48:37.656538,282.25
JP5H0Y,2023-05-09 01:48:37.656539,198.62
TT2ULM,2023-01-07 01:48:37.656539,43.5
L548EC,2023-08-31 01:48:37.656541,358.6
2NTFCK,2023-04-03 01:48:37.656541,285.78
NRQWSE,2023-09-16 01:48:37.656542,332.36
AIHC87,2023-09-05 01:48:37.656543,478.13
1YBYYI,2023-05-27 01:48:37.656544,81.64
QDXHCO,2023-09-16 01:48:37.656545,205.26
VN6FNO,2023-06-13 01:48:37.656545,30.94
8UHZ5R,2022-09-25 01:48:37.656546,172.5
XFVSMK,2023-04-21 01:48:37.656547,338.16
Y272MO,2023-08-05 01:48:37.656548,471.59
QE38E6,2023-04-16 01:48:37.656549,494.12
AXO5AE,2022-10-23 01:48:37.656549,431.1
B8PQV3,2023-03-03 01:48:37.656550,275.48
VHBUGX,2022-11-10 01:48:37.656551,110.92
3D3HOE,2023-01-24 01:48:37.656552,249.77
9XJ3GR,2023-06-14 01:48:37.656553,155.12
S43CV2,2023-01-01 01:48:37.656553,481.22
2U73HO,2022-11-14 01:48:37.656554,77.7
JEI7OB,2023-02-21 01:48:37.656555,35.93
0HB4HH,2023-02-14 01:48:37.656556,413.17
RIY5V3,2023-02-10 01:48:37.656557,381.58
R7NQXV,2023-02-24 01:48:37.656557,203.22
V679HW,2022-12-23 01:48:37.656558,478.84
6PK55N,2023-01-25 01:48:37.656559,89.23
NQH43X,2023-05-18 01:48:37.656560,181.75
M5RZ3F,2023-06-21 01:48:37.656561,448.99
NB40KD,2023-07-20 01:48:37.656561,190.31
FJ65KI,2023-03-10 01:48:37.656562,371.08
5436C1,2022-12-27 01:48:37.656563,53.6
DRL75K,2023-05-23 01:48:37.656564,320.24
77SF1P,2023-01-05 01:48:37.656565,367.53
XKXULQ,2022-12-15 01:48:37.656565,18.15
ZJH397,2023-04-13 01:48:37.656566,170.36
UEG0HV,2023-07-07 01:48:37.656567,429.26
I6YRVR,2023-06-27 01:48:37.656568,396.57
UZ3XJ1,2022-10-24 01:48:37.656569,489.11
DG7O70,2023-05-04 01:48:37.656569,155.9
REW174,2023-01-14 01:48:37.656570,65.68
SGV32V,2022-10-22 01:48:37.656571,73.98
990XKY,2022-10-01 01:48:37.656572,439.71
YA1A6G,2023-08-09 01:48:37.656572,453.26
OG99KW,2023-01-08 01:48:37.656573,212.57
MM3827,2023-05-06 01:48:37.656574,405.83
L0D0XC,2022-11-01 01:48:37.656575,397.93
0HHVVX,2022-10-25 01:48:37.656576,150.29
7T3FAU,2023-02-08 01:48:37.656576,290.68
8CFK1L,2023-04-17 01:48:37.656577,223.82
URRH4E,2023-06-24 01:48:37.656578,87.37
QCXOE3,2022-12-26 01:48:37.656579,280.78
ZWWAKZ,2023-08-26 01:48:37.656580,167.42
44E6BG,2023-04-21 01:48:37.656580,378.66
CMQIQB,2023-07-10 01:48:37.656581,371.29
8OVGRI,2023-08-17 01:48:37.656582,491.43
HCDLM9,2023-03-18 01:48:37.656583,285.69
N4IFB4,2023-02-16 01:48:37.656583,469.02
21LUGN,2022-09-25 01:48:37.656584,155.54
FBRDB0,2023-07-06 01:48:37.656585,165.9
2240CM,2023-07-26 01:48:37.656586,360.29
0AHC5U,2023-03-18 01:48:37.656587,155.47
OQJ5I0,2023-05-29 01:48:37.656587,96.1
LXA5FB,2023-06-01 01:48:37.656588,285.31
I6YRVR,2022-11-07 01:48:37.656589,100.8
QJQOHK,2023-08-26 01:48:37.656590,46.22
SR4TCL,2023-02-13 01:48:37.656590,75.94
PTVUZX,2023-05-15 01:48:37.656591,148.34
LACQQB,2023-01-12 01:48:37.656592,88.74
QKW9UR,2023-04-12 01:48:37.656593,90.2
B6QRSK,2023-09-01 01:48:37.656594,475.31
DHNUGU,2022-12-28 01:48:37.656594,165.96
5ARKNW,2023-01-14 01:48:37.656595,379.68
29AOBS,2023-01-10 01:48:37.656596,490.76
X44S2J,2023-08-09 01:48:37.656597,321.53
TACJCK,2022-11-02 01:48:37.656597,281.38
WS29ZC,2023-07-23 01:48:37.656598,63.92
FVOBXF,2023-09-06 01:48:37.656599,110.14
V8HZUA,2022-10-18 01:48:37.656600,356.8
OMQ7I4,2023-01-06 01:48:37.656601,496.19
G2W6KP,2022-10-20 01:48:37.656601,363.64
3O9U1B,2023-08-21 01:48:37.656602,179.7
4KRGHO,2023-02-24 01:48:37.656603,223.39
17UTIU,2023-05-10 01:48:37.656604,323.5
8R3ZXH,2022-12-21 01:48:37.656605,196.34
NK1PWC,2023-08-23 01:48:37.656605,142.84
9XJ3GR,2022-11-10 01:48:37.656606,457.12
OUQY8Y,2023-02-20 01:48:37.656607,428.66
J3E44Z,2023-01-27 01:48:37.656608,272.59
23CELB,2023-05-17 01:48:37.656609,414.02
F3DLDP,2023-06-19 01:48:37.656609,69.51
LEI6G7,2023-01-17 01:48:37.656610,161.63
ZTV2WC,2023-08-15 01:48:37.656611,446.23
44E6BG,2023-06-09 01:48:37.656612,210.48
LEI6G7,2023-04-18 01:48:37.656613,146.17
WI7PY1,2023-09-01 01:48:37.656613,172.55
O5LDL4,2023-07-16 01:48:37.656614,236.29
HOPWHM,2022-12-04 01:48:37.656615,456.85
0ESTRP,2023-07-19 01:48:37.656616,374.92
XFVSMK,2023-03-22 01:48:37.656617,93.3
S43CV2,2022-12-22 01:48:37.656618,86.91
5DQA9U,2023-05-17 01:48:37.656618,147.11
JWQUO4,2023-03-26 01:48:37.656619,204.85
83RSEG,2023-02-12 01:48:37.656620,148.87
MNKAMU,2022-09-23 01:48:37.656621,472.79
QD1X66,2023-07-10 01:48:37.656622,360.59
WPWB9C,2023-08-29 01:48:37.656622,394.13
MM3827,2022-10-18 01:48:37.656623,395.83
DG3GGM,2023-07-09 01:48:37.656624,334.79
MYL9OZ,2022-12-06 01:48:37.656625,391.59
CM8EVM,2023-01-28 01:48:37.656625,128.19
BL07A9,2023-06-21 01:48:37.656626,366.36
RM9JD6,2023-04-20 01:48:37.656627,52.13
0UB9GT,2023-02-22 01:48:37.656628,423.15
I6YRVR,2023-03-25 01:48:37.656633,26.62
70IJXQ,2023-02-24 01:48:37.656634,16.71
0HB4HH,2023-06-02 01:48:37.656634,207.22
XFTNAF,2023-04-08 01:48:37.656635,419.98
8DTP6G,2023-06-16 01:48:37.656636,316.17
A8TPQO,2023-09-19 01:48:37.656637,408.39
3IPTS6,2023-05-05 01:48:37.656638,246.27
C0C5SI,2023-03-31 01:48:37.656638,374.46
FPI4KG,2022-12-05 01:48:37.656639,478.43
Q0B228,2022-09-26 01:48:37.656640,408.3
3Q3KE2,2022-11-30 01:48:37.656641,71.15
OCHHWP,2023-07-05 01:48:37.656642,383.84
GIWOZK,2023-01-26 01:48:37.656642,396.16
15ABJ2,2022-11-05 01:48:37.656643,366.32
D474M9,2023-09-04 01:48:37.656644,426.12
8AUF1V,2023-01-03 01:48:37.656645,278.64
6PLO48,2022-09-28 01:48:37.656646,58.54
PA0ZI5,2023-06-14 01:48:37.656646,192.08
OGF38U,2022-12-13 01:48:37.656647,165.01
LXA5FB,2023-03-04 01:48:37.656648,219.25
F759QB,2023-04-19 01:48:37.656649,294.95
0Q4CLC,2022-12-09 01:48:37.656650,363.65
64UQZA,2023-04-29 01:48:37.656650,349.37
P57EA1,2022-11-19 01:48:37.656651,476.28
HGEFDE,2022-12-24 01:48:37.656652,316.87
HFNUUK,2023-05-13 01:48:37.656653,336.46
PJK1IZ,2022-11-21 01:48:37.656653,308.0
K60ZL5,2023-02-01 01:48:37.656654,20.65
PL1GOR,2023-02-13 01:48:37.656655,399.95
02D561,2023-03-13 01:48:37.656656,253.0
Y23UIN,2023-05-29 01:48:37.656657,110.88
0CMCN3,2023-03-15 01:48:37.656658,371.25
QEX4X5,2023-01-19 01:48:37.656658,126.19
MQV960,2023-09-08 01:48:37.656659,231.3
GQFRQX,2022-10-12 01:48:37.656660,32.5
6LR3GF,2022-09-22 01:48:37.656661,274.96
IIVSOU,2022-12-28 01:48:37.656661,398.43
5EALDA,2022-12-17 01:48:37.656662,411.36
5DCOWS,2023-04-04 01:48:37.656663,168.62
TPZFN0,2023-02-17 01:48:37.656664,485.61
VWYOJE,2023-03-06 01:48:37.656665,217.09
4TXK85,2022-12-08 01:48:37.656665,437.17
CZB05P,2023-02-19 01:48:37.656666,314.26
GD38HG,2022-11-04 01:48:37.656667,265.97
CFG11M,2023-08-25 01:48:37.656668,366.92
5EOMM9,2022-09-26 01:48:37.656669,113.35
MQV960,2023-08-16 01:48:37.656669,486.78
0TLNE0,2023-02-14 01:48:37.656670,413.71
GQQBDU,2023-04-25 01:48:37.656671,212.63
IDIY1S,2023-01-01 01:48:37.656672,478.91
T65721,2023-03-28 01:48:37.656673,447.69
RM9JD6,2022-12-14 01:48:37.656673,349.0
USM9ST,2023-09-14 01:48:37.656674,109.9
BYFQKU,2023-02-08 01:48:37.656675,280.71
ZY2BBB,2022-10-25 01:48:37.656676,91.09
CCMZVS,2023-06-22 01:48:37.656676,174.54
MQLVRG,2023-02-10 01:48:37.656677,72.9
NZSGNP,2022-12-08 01:48:37.656678,363.03
MQV960,2023-08-15 01:48:37.656679,402.4
FVOBXF,2023-06-22 01:48:37.656680,137.47
5GY6YB,2023-04-02 01:48:37.656680,161.47
29AOBS,2022-11-14 01:48:37.656681,297.62
YA1A6G,2023-06-19 01:48:37.656682,299.83
RC5IBA,2022-12-20 01:48:37.656683,351.09
3ME0ZM,2022-12-22 01:48:37.656683,274.05
5AMTKU,2023-03-10 01:48:37.656684,374.85
NFMZE4,2023-05-01 01:48:37.656685,224.21
L8246R,2023-03-30 01:48:37.656686,456.85
W7M4PU,2023-06-28 01:48:37.656687,286.45
CEP50J,2023-08-30 01:48:37.656687,411.1
WY0DV8,2023-09-06 01:48:37.656688,324.86
9EF3IF,2023-03-24 01:48:37.656689,93.92
5UU45Z,2022-11-14 01:48:37.656690,223.0
MO8PQT,2023-02-21 01:48:37.656691,104.94
NU1P27,2023-04-01 01:48:37.656691,104.08
HAWS60,2023-08-24 01:48:37.656692,427.29
ZTV2WC,2022-11-03 01:48:37.656693,338.06
0EDZWC,2022-12-30 01:48:37.656694,141.83
5W6F44,2023-05-04 01:48:37.656695,22.61
QDXHCO,2023-06-07 01:48:37.656695,183.8
17UTIU,2022-12-03 01:48:37.656696,420.03
YG3QP1,2023-03-01 01:48:37.656697,489.39
5436C1,2023-05-31 01:48:37.656698,311.75
ZUOVA0,2023-03-15 01:48:37.656698,150.15
R15NKG,2023-08-09 01:48:37.656699,172.75
PA0ZI5,2023-01-14 01:48:37.656700,74.49
S43CV2,2022-12-29 01:48:37.656701,497.35
Y272MO,2022-12-23 01:48:37.656702,216.01
T9JG6K,2023-06-13 01:48:37.656702,44.93
PJK1IZ,2023-01-27 01:48:37.656703,407.22
3Q2ZZW,2023-06-21 01:48:37.656704,187.31
KNTILO,2023-05-31 01:48:37.656705,393.47
1AQFP9,2022-12-11 01:48:37.656705,78.25
GNPBUH,2023-01-07 01:48:37.656706,113.75
32CU36,2023-05-23 01:48:37.656707,362.98
KJPXSQ,2023-08-12 01:48:37.656708,197.29
XGEPPB,2022-11-09 01:48:37.656709,134.88
JWQUO4,2022-12-12 01:48:37.656709,340.13
3HVOAU,2023-03-13 01:48:37.656710,149.51
D4KX6L,2023-06-29 01:48:37.656711,260.03
63RKM5,2023-01-14 01:48:37.656712,133.08
B6RCXU,2023-01-14 01:48:37.656712,225.54
F759QB,2023-01-25 01:48:37.656713,298.22
OZJ4SE,2023-01-18 01:48:37.656714,237.12
WI7PY1,2022-11-22 01:48:37.656715,170.98
W7M4PU,2022-09-22 01:48:37.656716,449.1
TXHBRP,2023-06-05 01:48:37.656717,223.58
H53G42,2022-10-08 01:48:37.656717,494.34
UCKZHJ,2023-07-06 01:48:37.656718,340.75
HB7WME,2023-08-30 01:48:37.656719,65.14
HNGKNL,2023-09-02 01:48:37.656720,337.12
4KRGHO,2023-06-11 01:48:37.656720,228.93
C539UI,2022-09-23 01:48:37.656721,48.64
FLRSMB,2023-04-08 01:48:37.656722,454.28
PBSUL5,2023-08-16 01:48:37.656723,440.59
KN60EZ,2023-06-12 01:48:37.656723,236.25
6YBQ6N,2022-10-09 01:48:37.656724,452.98
AL1WDE,2023-06-13 01:48:37.656725,199.3
3Q3KE2,2023-04-02 01:48:37.656726,165.41
P7ROPE,2023-05-02 01:48:37.656727,405.71
L3NFTZ,2022-12-18 01:48:37.656727,231.27
8CFK1L,2023-08-13 01:48:37.656728,416.34
2GE1NE,2023-08-21 01:48:37.656729,172.02
W43Z1R,2023-04-10 01:48:37.656730,115.76
GZPWZR,2023-02-10 01:48:37.656730,220.17
HQ5PC9,2023-03-14 01:48:37.656731,72.59
XFTNAF,2022-12-11 01:48:37.656732,294.07
2U73HO,2023-08-04 01:48:37.656733,363.72
818ISO,2023-01-16 01:48:37.656733,377.59
ICX0DW,2023-02-18 01:48:37.656734,313.39
45ZEYX,2023-01-07 01:48:37.656735,334.9
N9WDWX,2023-03-09 01:48:37.656736,293.7
Q1GJ13,2023-06-20 01:48:37.656736,100.52
TLDNRK,2023-07-29 01:48:37.656737,495.73
NZWR70,2023-02-20 01:48:37.656738,372.07
ONGTOV,2022-10-14 01:48:37.656739,140.02
9XJ3GR,2023-04-26 01:48:37.656740,494.0
2RPEQP,2022-11-17 01:48:37.656740,212.39
HGEFDE,2023-01-26 01:48:37.656741,382.47
4CG6JF,2023-02-11 01:48:37.656742,275.93
ZJH397,2023-03-24 01:48:37.656743,395.44
CT5HZG,2023-02-24 01:48:37.656744,141.66
O0I994,2023-02-25 01:48:37.656744,237.42
THAX18,2023-01-29 01:48:37.656745,198.23
VKEA4X,2022-10-06 01:48:37.656746,39.98
ICX0DW,2023-07-20 01:48:37.656747,389.72
Y1MZTZ,2023-06-21 01:48:37.656748,166.36
GOHHU1,2023-04-10 01:48:37.656748,319.13
D474M9,2023-01-30 01:48:37.656749,154.19
0FTWL3,2023-01-29 01:48:37.656750,263.74
PWFJGX,2023-02-18 01:48:37.656751,457.88
4JNE4E,2023-04-25 01:48:37.656751,279.98
V8HZUA,2023-05-06 01:48:37.656752,298.5
3DQDOV,2023-09-09 01:48:37.656753,200.8
OISHA3,2023-03-17 01:48:37.656754,493.14
JF8PVI,2023-08-04 01:48:37.656754,336.49
2T1Z2O,2022-12-07 01:48:37.656755,457.72
0QTTWK,2023-07-03 01:48:37.656756,421.72
ZTV2WC,2023-01-08 01:48:37.656757,88.43
QPRHFM,2022-10-16 01:48:37.656758,287.67
PMWOG3,2023-04-23 01:48:37.656758,304.17
44E6BG,2023-01-03 01:48:37.656759,85.08
3N8XTQ,2023-09-08 01:48:37.656760,329.48
EX9N6I,2022-12-31 01:48:37.656761,316.37
KSC92W,2023-08-13 01:48:37.656762,79.51
QCXOE3,2022-11-30 01:48:37.656762,178.16
NT59NL,2023-06-03 01:48:37.656763,44.71
FEI95C,2023-05-15 01:48:37.656764,39.34
O80FVZ,2023-04-17 01:48:37.656765,414.17
J5SAUB,2023-07-25 01:48:37.656765,40.3
XZ43RX,2023-06-29 01:48:37.656766,152.62
NSTKAH,2023-02-02 01:48:37.656767,313.11
YDJJ1F,2023-03-14 01:48:37.656768,482.63
3N8XTQ,2023-05-14 01:48:37.656768,163.33
61GJDV,2023-07-26 01:48:37.656769,274.87
BFNHCB,2023-04-19 01:48:37.656770,202.24
HGJX5S,2022-11-28 01:48:37.656771,335.89
OISHA3,2022-09-22 01:48:37.656772,448.96
ICX0DW,2023-07-03 01:48:37.656772,439.6
77SF1P,2023-06-07 01:48:37.656773,469.27
ZNIRF7,2023-04-09 01:48:37.656774,382.13
MZ356N,2023-02-10 01:48:37.656775,419.22
VN18MU,2023-02-17 01:48:37.656775,411.39
ZR1W93,2023-07-17 01:48:37.656776,297.29
P1G37M,2023-01-09 01:48:37.656777,278.97
ED4TQ8,2022-09-21 01:48:37.656778,474.14
8TEFSZ,2022-09-30 01:48:37.656778,69.05
5DQA9U,2022-11-28 01:48:37.656779,183.62
NU1P27,2023-06-01 01:48:37.656780,258.89
DRL75K,2022-11-22 01:48:37.656781,168.11
A15JU7,2022-12-27 01:48:37.656782,222.11
0YOTU4,2022-11-05 01:48:37.656782,350.88
EIZL1I,2023-07-11 01:48:37.656783,39.93
X0TQF2,2023-04-02 01:48:37.656784,428.66
AU8RZX,2023-02-10 01:48:37.656785,251.44
IVEDZP,2023-04-04 01:48:37.656786,163.38
J4EPQL,2023-03-07 01:48:37.656786,169.35
6QA99A,2023-01-11 01:48:37.656787,357.02
LBTJCO,2022-11-10 01:48:37.656788,58.9
0YOTU4,2022-12-15 01:48:37.656789,11.39
B4M3GG,2023-04-27 01:48:37.656789,111.77
ZI4UZ0,2022-11-23 01:48:37.656790,220.9
L2AA51,2023-08-06 01:48:37.656791,199.93
HAWS60,2023-07-25 01:48:37.656792,419.3
8920TF,2023-01-17 01:48:37.656792,78.39
DJPDLM,2023-01-25 01:48:37.656793,415.48
LU112W,2023-06-30 01:48:37.656794,475.54
3IPTS6,2022-10-31 01:48:37.656795,167.87
LLFURA,2023-04-11 01:48:37.656796,28.55
AKX7DO,2023-07-22 01:48:37.656796,34.09
FLRSMB,2023-07-21 01:48:37.656797,447.31
JHXRKU,2023-08-14 01:48:37.656798,343.83
R17M2J,2023-06-04 01:48:37.656799,73.44
6ROJJ9,2023-07-15 01:48:37.656800,108.96
7BY4PB,2023-07-11 01:48:37.656800,176.99
X1Q8V2,2022-11-07 01:48:37.656801,121.25
JEI7OB,2023-06-04 01:48:37.656802,240.05
DW2U2W,2023-04-23 01:48:37.656803,343.38
DOKKWT,2022-11-15 01:48:37.656804,482.81
VHBUGX,2023-01-11 01:48:37.656804,97.33
DDQGQL,2023-09-08 01:48:37.656805,430.53
LCIM8W,2023-02-07 01:48:37.656806,148.01
IDGBCA,2023-09-10 01:48:37.656807,275.08
ZWK7M2,2023-02-22 01:48:37.656808,471.72
7AA6IS,2022-11-04 01:48:37.656808,196.44
BT078G,2023-07-07 01:48:37.656809,233.01
0UB9GT,2022-12-06 01:48:37.656810,209.0
0ESTRP,2023-07-24 01:48:37.656811,130.01
9F09N5,2022-09-22 01:48:37.656812,414.13
4NIMJW,2023-03-27 01:48:37.656812,10.42
5CBQTD,2023-07-17 01:48:37.656813,132.02
YIH2T7,2023-04-21 01:48:37.656814,296.61
3Q3KE2,2023-07-26 01:48:37.656815,214.16
U7RBX3,2023-03-17 01:48:37.656816,354.91
SZ6PQB,2023-04-02 01:48:37.656816,444.05
2T1Z2O,2023-05-01 01:48:37.656817,53.55
Y1MZTZ,2023-08-04 01:48:37.656818,84.39
CCMZVS,2022-12-18 01:48:37.656819,30.34
USQ90V,2022-10-29 01:48:37.656819,249.91
K3NAS5,2022-10-01 01:48:37.656820,189.43
173DXD,2023-02-13 01:48:37.656821,342.38
0T4FAR,2023-06-25 01:48:37.656822,486.4
BPL8Z1,2022-10-23 01:48:37.656823,359.62
J1XHME,2022-11-24 01:48:37.656823,115.13
15ABJ2,2023-07-24 01:48:37.656824,11.1
QHTZ2Q,2023-04-16 01:48:37.656825,127.54
0ESTRP,2023-04-19 01:48:37.656826,373.89
2T1Z2O,2023-03-11 01:48:37.656827,255.26
HKCGIF,2023-01-12 01:48:37.656827,127.56
MZ356N,2022-11-30 01:48:37.656828,29.77
AZ1YF9,2023-01-14 01:48:37.656829,353.52
3DQDOV,2023-03-02 01:48:37.656830,487.78
HFQBZL,2023-02-17 01:48:37.656830,495.86
FADA8G,2023-03-26 01:48:37.656831,13.85
CVJ2H3,2023-03-11 01:48:37.656832,10.1
BBPROI,2023-07-09 01:48:37.656833,416.41
OY31SQ,2023-09-06 01:48:37.656834,101.86
M0NVIF,2023-09-13 01:48:37.656834,453.21
DNS475,2023-03-12 01:48:37.656835,220.15
1YBYYI,2023-08-10 01:48:37.656836,380.88
4ZWE2I,2022-10-28 01:48:37.656837,409.35
25N2Y1,2023-02-20 01:48:37.656837,377.82
NQH43X,2023-03-17 01:48:37.656838,364.12
OISHA3,2023-05-10 01:48:37.656839,410.21
TPMCKA,2023-01-13 01:48:37.656840,462.2
R6QB7Z,2022-09-24 01:48:37.656841,258.97
U2A2JY,2023-07-03 01:48:37.656841,298.6
EA3UA7,2023-07-26 01:48:37.656842,36.08
ZQOAHL,2022-12-05 01:48:37.656843,340.8
C539UI,2023-07-19 01:48:37.656844,159.76
2BVACJ,2023-07-08 01:48:37.656844,225.1
BD3QGC,2022-10-18 01:48:37.656845,89.46
L7OGB4,2023-05-17 01:48:37.656846,336.91
WJGW5D,2022-11-14 01:48:37.656847,456.13
46RJ9Y,2023-08-10 01:48:37.656848,228.85
GOHHU1,2022-12-03 01:48:37.656848,444.85
NU1P27,2023-03-14 01:48:37.656849,309.08
PWFJGX,2023-04-09 01:48:37.656850,27.09
KSC92W,2023-08-13 01:48:37.656851,412.98
IEJ8U9,2023-09-13 01:48:37.656851,180.21
J55IVD,2023-05-02 01:48:37.656852,119.19
LEYWO3,2022-11-22 01:48:37.656853,97.9
HY1QVT,2023-05-22 01:48:37.656854,156.77
607DDA,2023-05-10 01:48:37.656854,372.52
ONGTOV,2022-10-12 01:48:37.656855,156.5
565WB4,2023-01-28 01:48:37.656856,71.45
CCJSBI,2023-04-27 01:48:37.656857,195.95
G6NT33,2023-07-22 01:48:37.656858,295.87
5XK6FB,2023-07-05 01:48:37.656858,461.37
IMYA53,2023-01-18 01:48:37.656859,183.38
0OIF5N,2023-06-02 01:48:37.656860,301.45
BUPQXA,2023-06-04 01:48:37.656861,416.28
XUJFXF,2023-05-29 01:48:37.656861,19.09
MYL9OZ,2022-10-25 01:48:37.656862,476.48
7DA81I,2022-12-06 01:48:37.656863,44.37
BPH5F9,2023-05-07 01:48:37.656864,417.24
VKEA4X,2023-08-04 01:48:37.656865,472.77
WQ9EZX,2023-09-18 01:48:37.656865,460.79
3IPTS6,2022-11-21 01:48:37.656866,48.9
XB1V59,2023-04-18 01:48:37.656867,162.71
Z8M49T,2023-03-26 01:48:37.656868,227.68
TPBJ79,2022-12-30 01:48:37.656869,148.1
0ESTRP,2023-03-10 01:48:37.656869,386.46
79AI3N,2023-02-06 01:48:37.656870,79.45
V7JIL1,2023-01-12 01:48:37.656871,420.64
Z1YVK0,2023-04-22 01:48:37.656872,453.09
SZ6PQB,2022-09-26 01:48:37.656873,110.71
D570CW,2022-12-13 01:48:37.656873,116.09
BXGSR9,2022-10-25 01:48:37.656874,371.96
WHYRIT,2023-06-24 01:48:37.656875,221.16
7AKJQN,2023-06-22 01:48:37.656876,485.82
4NIMJW,2023-05-03 01:48:37.656877,100.71
5RIXJ4,2023-02-28 01:48:37.656877,324.93
SQAB5H,2023-06-09 01:48:37.656878,116.93
4GI6BT,2023-03-18 01:48:37.656879,415.02
274899,2023-05-22 01:48:37.656880,421.4
PT0YF9,2023-07-02 01:48:37.656880,424.37
FMZZIV,2022-10-21 01:48:37.656881,206.06
8UHZ5R,2022-12-05 01:48:37.656882,405.16
HAWS60,2022-11-29 01:48:37.656883,186.21
O5LDL4,2022-12-06 01:48:37.656884,304.54
RMAWC8,2023-09-16 01:48:37.656884,24.21
7EAIVS,2023-01-08 01:48:37.656885,461.54
LXA5FB,2023-08-13 01:48:37.656886,494.28
4HPZJZ,2022-11-16 01:48:37.656887,493.38
R7NQXV,2023-06-17 01:48:37.656888,192.01
9F09N5,2023-08-22 01:48:37.656889,27.29
IDGBCA,2022-11-22 01:48:37.656889,479.38
5UU45Z,2022-11-09 01:48:37.656890,183.96
KRBM96,2023-03-05 01:48:37.656891,377.61
UA9IFM,2022-12-30 01:48:37.656892,40.02
T2VILG,2022-12-26 01:48:37.656893,41.55
ABR9KZ,2023-02-08 01:48:37.656893,467.88
K9A2HD,2023-06-15 01:48:37.656894,483.68
ED4TQ8,2023-01-01 01:48:37.656895,292.06
0D844B,2023-05-20 01:48:37.656896,444.65
CUQ32F,2023-09-16 01:48:37.656897,173.42
JIZG57,2023-02-01 01:48:37.656897,162.15
O7TCML,2023-02-16 01:48:37.656898,135.59
Y6GHZH,2023-07-07 01:48:37.656899,343.73
TPBJ79,2023-06-11 01:48:37.656901,201.93
OV9OL9,2023-02-09 01:48:37.656902,341.15
YA1A6G,2022-10-08 01:48:37.656903,430.9
K60ZL5,2022-09-20 01:48:37.656904,157.72
ZE4OFR,2023-05-18 01:48:37.656904,102.91
PO9HFC,2023-02-02 01:48:37.656905,236.29
ZPK3FC,2023-04-14 01:48:37.656906,376.96
VN18MU,2022-10-24 01:48:37.656907,87.7
L0D0XC,2022-12-27 01:48:37.656908,271.72
MGOH2R,2023-01-24 01:48:37.656908,160.37
LB2SC4,2023-03-03 01:48:37.656909,361.72
KRBM96,2022-10-11 01:48:37.656910,407.4
XGEPPB,2023-08-09 01:48:37.656911,127.87
PTVAQ8,2023-03-02 01:48:37.656912,234.83
MQV960,2022-12-31 01:48:37.656912,402.24
LEI6G7,2023-07-12 01:48:37.656913,467.47
TGBP2B,2023-08-17 01:48:37.656914,483.12
9QEJCV,2023-04-18 01:48:37.656915,278.61
4GI6BT,2023-04-04 01:48:37.656915,55.41
TPMCKA,2023-07-18 01:48:37.656916,463.32
4WBZ0V,2022-10-22 01:48:37.656917,287.31
PO9HFC,2023-06-30 01:48:37.656918,225.6
R3FFRE,2022-10-31 01:48:37.656919,166.06
PWFJGX,2023-04-08 01:48:37.656919,279.04
FADA8G,2023-08-04 01:48:37.656920,23.41
I3GJTW,2023-08-08 01:48:37.656921,74.08
JJISTH,2023-09-19 01:48:37.656922,471.61
2RRHU3,2023-09-02 01:48:37.656923,420.89
YIH2T7,2023-04-25 01:48:37.656923,447.13
A15JU7,2023-05-23 01:48:37.656924,370.2
01KLNW,2022-10-04 01:48:37.656925,483.64
HP3DX7,2022-12-01 01:48:37.656926,283.43
5XK6FB,2022-09-22 01:48:37.656926,160.38
K34IHA,2023-01-28 01:48:37.656927,188.05
01KLNW,2023-07-18 01:48:37.656928,32.28
XKXULQ,2023-02-16 01:48:37.656929,34.87
1YSVWR,2022-10-18 01:48:37.656930,164.98
FSUL70,2023-02-24 01:48:37.656930,234.35
6OC0WZ,2023-08-07 01:48:37.656931,156.84
DG7O70,2022-11-24 01:48:37.656932,399.42
2GE1NE,2022-10-17 01:48:37.656933,181.45
0EDZWC,2023-02-07 01:48:37.656934,462.61
X0TQF2,2023-04-09 01:48:37.656934,18.72
RO1XQV,2023-08-01 01:48:37.656935,471.41
GGH7JP,2023-05-20 01:48:37.656936,410.24
Y1ZUZ8,2022-09-23 01:48:37.656937,421.25
8H1S1S,2023-04-03 01:48:37.656938,307.93
7Z65OJ,2022-12-08 01:48:37.656938,458.26
U0HOPC,2023-04-18 01:48:37.656939,199.38
MO8PQT,2023-09-07 01:48:37.656940,88.66
QFK7S3,2022-12-16 01:48:37.656941,261.25
4KBA4Z,2022-12-15 01:48:37.656942,199.91
9ILV5K,2023-09-17 01:48:37.656942,300.49
VWYOJE,2023-08-02 01:48:37.656943,481.68
UF1UCD,2023-01-17 01:48:37.656944,448.93
12PCZ0,2022-10-22 01:48:37.656945,32.61
VINI7U,2023-09-17 01:48:37.656946,145.44
7UFQ5R,2023-01-25 01:48:37.656946,107.35
FMZZIV,2023-06-25 01:48:37.656947,298.77
EA3UA7,2023-01-06 01:48:37.656948,384.8
5Y72DO,2023-03-30 01:48:37.656949,25.94
V679HW,2023-03-09 01:48:37.656950,62.37
VF2DSX,2023-01-14 01:48:37.656950,112.11
HLF6VY,2023-03-15 01:48:37.656951,485.44
TVUKT8,2023-09-04 01:48:37.656952,10.32
SHT5Y5,2023-08-07 01:48:37.656953,228.07
NZSGNP,2023-07-03 01:48:37.656953,488.97
40AKTF,2023-04-21 01:48:37.656954,66.11
C7FKL8,2023-01-19 01:48:37.656955,424.19
YIH2T7,2022-10-06 01:48:37.656956,151.33
0709BT,2023-02-05 01:48:37.656956,469.19
XFTNAF,2023-01-11 01:48:37.656957,448.98
JNI1BJ,2022-12-04 01:48:37.656958,325.0
ED4TQ8,2023-05-16 01:48:37.656959,145.35
KSC92W,2023-05-08 01:48:37.656960,254.82
ZATC79,2023-08-27 01:48:37.656960,84.33
TPBJ79,2022-12-06 01:48:37.656961,55.4
H1X3XT,2023-03-09 01:48:37.656962,37.75
17UTIU,2022-11-24 01:48:37.656963,42.42
6QKOJU,2023-07-02 01:48:37.656963,231.96
KJVNUD,2022-10-07 01:48:37.656964,383.91
ADA2IV,2023-09-01 01:48:37.656965,177.13
RC5IBA,2023-06-21 01:48:37.656966,54.01
JRHK5E,2022-12-21 01:48:37.656966,173.96
D474M9,2022-12-16 01:48:37.656967,277.54
OZ0GS7,2022-09-23 01:48:37.656968,468.58
CVJ2H3,2023-01-03 01:48:37.656969,439.16
IRCQ73,2022-09-22 01:48:37.656970,386.87
I6YRVR,2022-12-31 01:48:37.656970,392.07
7HAMEZ,2023-03-21 01:48:37.656971,231.25
ZATC79,2023-05-23 01:48:37.656972,364.48
LXA5FB,2023-02-26 01:48:37.656973,491.41
ZOKNWQ,2023-08-10 01:48:37.656974,406.88
I0Y3H1,2023-02-02 01:48:37.656974,396.15
LEI6G7,2023-03-21 01:48:37.656975,125.56
5MP4FC,2023-07-24 01:48:37.656976,261.97
8TEFSZ,2023-01-03 01:48:37.656977,455.57
S1H208,2023-01-04 01:48:37.656977,452.42
SHA7ZN,2023-04-10 01:48:37.656978,209.13
J1XHME,2022-10-11 01:48:37.656979,91.6
M5RZ3F,2022-11-26 01:48:37.656980,348.56
KE2808,2022-10-23 01:48:37.656981,101.3
6QKOJU,2022-12-15 01:48:37.656982,476.95
3O9U1B,2022-12-15 01:48:37.656982,495.17
AXO5AE,2023-07-18 01:48:37.656983,329.94
JAGCVX,2023-03-03 01:48:37.656984,300.05
0YOTU4,2023-09-18 01:48:37.656985,362.19
1E1LQY,2023-06-08 01:48:37.656986,33.2
JAGCVX,2022-12-10 01:48:37.656986,20.77
CH5H90,2023-05-20 01:48:37.656987,230.82
Y6BODW,2023-06-30 01:48:37.656988,68.7
2BVACJ,2022-12-10 01:48:37.656989,334.16
7XXEIN,2022-11-09 01:48:37.656990,149.51
9EF3IF,2023-09-19 01:48:37.656990,492.74
PBSUL5,2023-01-12 01:48:37.656991,231.23
1HV3WW,2023-06-09 01:48:37.656992,330.77
O0I994,2022-09-25 01:48:37.656993,440.07
38JCNV,2023-03-26 01:48:37.656993,423.08
6UZ26K,2023-07-25 01:48:37.656994,36.52
M07WJF,2023-09-12 01:48:37.656995,105.4
MQV960,2023-07-22 01:48:37.656996,380.26
DRIT8B,2022-11-08 01:48:37.656997,475.12
1818QZ,2022-10-11 01:48:37.656997,179.82
P48AF4,2023-07-20 01:48:37.656998,33.01
OLPYJW,2023-07-24 01:48:37.656999,455.93
VKEA4X,2022-12-28 01:48:37.657000,489.38
IJLZNB,2023-07-08 01:48:37.657000,486.34
TPBJ79,2023-04-12 01:48:37.657001,460.06
5GV2SS,2023-05-01 01:48:37.657002,227.19
60K37B,2023-05-06 01:48:37.657003,383.77
OMQ7I4,2023-03-26 01:48:37.657003,457.65
Y0XFSN,2022-10-13 01:48:37.657004,12.66
O086DC,2023-01-06 01:48:37.657005,116.5
CD7FNE,2022-09-28 01:48:37.657006,171.53
ZWK7M2,2023-06-23 01:48:37.657007,244.03
GOHHU1,2023-04-08 01:48:37.657008,357.13
2O4R3A,2022-09-25 01:48:37.657008,110.87
1K8SXX,2023-04-11 01:48:37.657009,496.35
BU0XEF,2023-01-11 01:48:37.657010,304.53
KJVNUD,2023-01-11 01:48:37.657011,44.58
A3LYN1,2023-07-14 01:48:37.657011,367.86
8OK6PJ,2023-09-12 01:48:37.657012,339.08
L7OGB4,2023-05-25 01:48:37.657013,392.4
4WBZ0V,2023-05-09 01:48:37.657014,68.72
5Y72DO,2022-12-20 01:48:37.657014,490.79
R0E61P,2023-03-15 01:48:37.657015,312.39
HTY42C,2023-03-17 01:48:37.657016,402.47
4IJ022,2022-10-24 01:48:37.657017,300.97
3DQR1B,2023-08-23 01:48:37.657018,174.8
LEYWO3,2023-01-27 01:48:37.657018,231.18
JEI7OB,2023-03-21 01:48:37.657019,174.29
80SNRY,2022-09-26 01:48:37.657020,323.7
HFQBZL,2023-07-29 01:48:37.657021,436.81
F759QB,2022-11-16 01:48:37.657021,433.15
0CMCN3,2023-06-30 01:48:37.657022,129.26
5UU45Z,2023-01-18 01:48:37.657023,309.22
P1G37M,2023-02-23 01:48:37.657024,423.72
GJ4U08,2023-08-18 01:48:37.657025,239.21
U8AVXT,2023-02-10 01:48:37.657026,438.95
MZ25OQ,2023-06-19 01:48:37.657026,429.58
RO1XQV,2022-10-02 01:48:37.657027,474.91
USM9ST,2023-01-14 01:48:37.657028,229.83
2RRHU3,2023-03-08 01:48:37.657029,443.63
6JEOEE,2022-11-12 01:48:37.657029,371.48
B7C08P,2023-02-18 01:48:37.657030,412.03
R17M2J,2023-02-02 01:48:37.657031,125.62
KZRNRO,2023-03-14 01:48:37.657032,187.8
B4M3GG,2022-09-23 01:48:37.657033,171.38
TPMCKA,2023-04-15 01:48:37.657033,11.7
EAKO5Y,2023-07-27 01:48:37.657034,296.61
5EALDA,2023-02-08 01:48:37.657035,249.01
7B1R6V,2022-12-15 01:48:37.657036,325.51
V5RNVK,2023-01-30 01:48:37.657037,448.66
KJVNUD,2022-09-20 01:48:37.657037,494.71
2BVACJ,2022-09-30 01:48:37.657038,59.47
M07WJF,2023-08-27 01:48:37.657039,36.86
0R72B1,2023-06-19 01:48:37.657040,68.14
GUGW7Z,2022-11-22 01:48:37.657040,75.65
H2G1HG,2022-12-15 01:48:37.657041,57.35
3ME0ZM,2023-01-28 01:48:37.657042,330.5
5XK6FB,2023-02-19 01:48:37.657043,368.79
AKX7DO,2023-06-21 01:48:37.657044,322.95
AK5HRT,2023-05-19 01:48:37.657045,150.21
U0HOPC,2023-05-05 01:48:37.657045,81.56
3DQDOV,2023-01-29 01:48:37.657046,373.03
OY31SQ,2023-08-27 01:48:37.657047,79.39
OZJ4SE,2023-08-18 01:48:37.657048,423.27
9R3U3L,2023-03-31 01:48:37.657049,381.53
T3KYFW,2023-03-08 01:48:37.657049,343.75
WPWB9C,2023-06-28 01:48:37.657050,339.02
SHT5Y5,2023-08-27 01:48:37.657051,258.46
1YSVWR,2022-11-28 01:48:37.657052,71.3
IPX0AZ,2023-02-17 01:48:37.657052,225.49
WJGW5D,2023-01-28 01:48:37.657053,252.36
J55IVD,2023-07-09 01:48:37.657054,435.03
J3E44Z,2022-11-28 01:48:37.657055,49.37
LB2SC4,2022-12-27 01:48:37.657056,217.38
EAKO5Y,2023-04-19 01:48:37.657056,390.15
VN18MU,2022-11-20 01:48:37.657057,89.22
NAQAO9,2023-05-30 01:48:37.657058,314.9
1OZ4Q3,2022-10-31 01:48:37.657059,36.34
4Y2TMM,2023-02-11 01:48:37.657060,257.73
OG99KW,2022-11-07 01:48:37.657060,119.19
GUGW7Z,2023-04-20 01:48:37.657061,200.93
5ARKNW,2023-03-18 01:48:37.657062,277.01
FADA8G,2022-12-03 01:48:37.657063,133.33
6UZ26K,2022-12-03 01:48:37.657064,138.18
LACQQB,2023-01-31 01:48:37.657064,328.8
Y0XG1C,2023-07-12 01:48:37.657065,106.75
2BVACJ,2023-03-15 01:48:37.657066,196.8
8DTP6G,2022-10-15 01:48:37.657067,52.17
W43Z1R,2023-03-26 01:48:37.657067,402.59
J5SAUB,2022-10-06 01:48:37.657068,258.55
ZOKNWQ,2023-08-16 01:48:37.657069,93.18
IVEDZP,2023-07-08 01:48:37.657070,402.92
T57H4F,2023-08-04 01:48:37.657071,404.17
1OI8PH,2023-07-28 01:48:37.657071,48.3
NSAU3B,2023-07-22 01:48:37.657072,309.62
F3EKCZ,2023-01-14 01:48:37.657073,113.86
VKEA4X,2023-03-19 01:48:37.657074,390.15
S0HUCN,2023-05-10 01:48:37.657075,249.03
RIY5V3,2023-04-04 01:48:37.657075,339.58
70IJXQ,2022-10-24 01:48:37.657076,49.7
VF2DSX,2023-04-06 01:48:37.657077,492.94
X0TQF2,2023-01-17 01:48:37.657078,255.66
XTHM3U,2023-07-01 01:48:37.657078,45.34
63RKM5,2023-05-20 01:48:37.657079,371.38
8WU3Q2,2023-07-10 01:48:37.657080,185.76
6J35A1,2022-12-04 01:48:37.657081,53.01
W9SOIL,2022-12-22 01:48:37.657082,469.36
T8O1KA,2022-12-14 01:48:37.657083,214.19
F1DOZJ,2022-10-03 01:48:37.657083,363.69
6J35A1,2023-05-06 01:48:37.657084,112.38
0D844B,2022-12-10 01:48:37.657085,137.74
LWWE5E,2023-01-19 01:48:37.657086,35.97
2YZX6P,2023-01-29 01:48:37.657087,148.07
15ABJ2,2023-03-12 01:48:37.657087,142.53
JO2D2Z,2022-10-07 01:48:37.657088,195.07
R8X1YN,2022-11-13 01:48:37.657089,486.39
G6NT33,2022-12-01 01:48:37.657090,430.14
UF1UCD,2023-01-12 01:48:37.657091,89.52
O0I994,2023-06-11 01:48:37.657091,329.4
66Q990,2023-01-09 01:48:37.657092,346.3
HB7WME,2023-06-27 01:48:37.657093,339.54
0AO711,2023-07-19 01:48:37.657094,461.36
NU1P27,2023-08-14 01:48:37.657094,304.07
0AHC5U,2023-05-24 01:48:37.657095,449.23
A15JU7,2022-10-14 01:48:37.657096,372.53
4KBA4Z,2022-10-10 01:48:37.657097,428.25
TG2OUR,2023-02-18 01:48:37.657098,83.13
WTYYJ7,2023-06-07 01:48:37.657098,475.59
JNI1BJ,2022-12-01 01:48:37.657099,190.68
EVG652,2023-09-02 01:48:37.657100,15.34
274899,2022-11-20 01:48:37.657101,480.98
7P9EWH,2023-05-09 01:48:37.657101,24.39
VM438A,2023-01-03 01:48:37.657102,483.23
R1PALA,2023-04-10 01:48:37.657103,336.15
VGR5RH,2022-10-13 01:48:37.657104,288.42
M07WJF,2023-08-18 01:48:37.657105,429.4
FBRDB0,2023-07-01 01:48:37.657105,468.6
KWH224,2023-09-19 01:48:37.657106,330.36
JRG9EV,2022-11-22 01:48:37.657107,383.35
RR80QH,2023-02-11 01:48:37.657108,227.95
Z70USE,2023-08-08 01:48:37.657108,35.37
MPJSF0,2023-05-03 01:48:37.657109,271.27
O086DC,2023-02-23 01:48:37.657110,304.15
QD1X66,2023-08-04 01:48:37.657111,163.26
YY8MC8,2023-09-03 01:48:37.657112,99.27
Z4UUK7,2023-06-18 01:48:37.657112,144.36
WS29ZC,2023-07-24 01:48:37.657113,250.99
NY9JQG,2023-02-04 01:48:37.657114,357.67
8I8FPT,2022-10-05 01:48:37.657115,437.46
FPI4KG,2023-07-31 01:48:37.657115,213.93
3IPTS6,2023-09-11 01:48:37.657116,466.87
ZUOVA0,2023-09-19 01:48:37.657117,72.37
IQFK18,2022-09-29 01:48:37.657118,379.07
4XPZOY,2023-09-03 01:48:37.657118,489.43
C9BGR5,2022-12-30 01:48:37.657119,283.55
X174UC,2023-03-07 01:48:37.657120,471.01
274899,2023-05-10 01:48:37.657121,253.12
6PLO48,2023-09-15 01:48:37.657122,477.88
NU1P27,2023-08-30 01:48:37.657122,181.11
EUI4Y0,2022-11-22 01:48:37.657123,371.29
P44T2I,2023-08-08 01:48:37.657124,475.42
Y0XG1C,2023-06-16 01:48:37.657125,239.78
DXAX6K,2023-04-29 01:48:37.657126,221.66
PA0ZI5,2023-02-22 01:48:37.657127,291.75
T65721,2023-06-13 01:48:37.657127,152.79
E2KMJH,2023-06-09 01:48:37.657128,417.09
F3DLDP,2022-09-29 01:48:37.657129,43.37
8OVGRI,2023-08-20 01:48:37.657130,188.86
W7M4PU,2023-05-12 01:48:37.657130,182.37
LBIHPJ,2022-10-12 01:48:37.657131,468.4
IIVSOU,2022-12-28 01:48:37.657132,132.77
TJGXXW,2022-10-13 01:48:37.657133,87.0
7WU1YU,2023-07-21 01:48:37.657134,277.1
U2A2JY,2022-10-01 01:48:37.657134,387.25
N9WDWX,2023-03-28 01:48:37.657135,488.04
KIILFG,2023-02-03 01:48:37.657136,486.84
NK1PWC,2022-10-31 01:48:37.657137,142.73
ZI4UZ0,2023-07-21 01:48:37.657138,81.7
HB7WME,2022-11-15 01:48:37.657138,185.46
RC5IBA,2023-05-21 01:48:37.657139,404.52
VKEA4X,2022-11-13 01:48:37.657140,476.2
DIIUJ8,2022-12-31 01:48:37.657141,127.3
BOQ0ZF,2022-11-07 01:48:37.657142,400.94
7BY4PB,2023-05-01 01:48:37.657142,342.71
J5SAUB,2022-11-18 01:48:37.657143,419.25
A6T0RD,2023-03-15 01:48:37.657144,199.75
AOXRSV,2023-07-13 01:48:37.657145,13.31
95P36W,2022-11-06 01:48:37.657146,155.14
5I9ZIL,2022-10-30 01:48:37.657146,469.61
ICX0DW,2023-05-30 01:48:37.657147,24.33
1YSVWR,2023-01-14 01:48:37.657148,229.23
CVJ2H3,2023-06-12 01:48:37.657149,154.59
YRIILY,2022-12-03 01:48:37.657150,388.1
SLECPY,2022-11-21 01:48:37.657150,442.86
DJPDLM,2023-02-16 01:48:37.657151,347.69
S8QZTR,2022-11-30 01:48:37.657152,187.58
2NDA13,2023-02-07 01:48:37.657153,490.39
DY1XJS,2023-07-09 01:48:37.657153,62.76
YIJ6WP,2023-06-29 01:48:37.657154,135.0
LU112W,2023-01-08 01:48:37.657155,283.07
KNHA2N,2023-05-04 01:48:37.657156,37.67
BK06OK,2022-09-24 01:48:37.657157,444.28
LT47PR,2023-07-02 01:48:37.657157,243.84
IDIY1S,2023-08-20 01:48:37.657158,30.62
USM9ST,2023-02-27 01:48:37.657159,441.52
W9SOIL,2023-07-10 01:48:37.657160,345.49
AYYI6N,2023-03-23 01:48:37.657160,86.12
4CG6JF,2023-01-10 01:48:37.657161,439.48
DXAX6K,2023-08-25 01:48:37.657162,441.29
45Y56I,2022-11-02 01:48:37.657163,22.12
NDA906,2023-03-09 01:48:37.657164,458.37
02D561,2023-03-07 01:48:37.657164,497.62
6WLYPJ,2022-12-29 01:48:37.657165,453.08
0EDZWC,2022-10-31 01:48:37.657166,220.15
Q5YYBC,2023-05-10 01:48:37.657167,157.59
ZY2BBB,2023-08-15 01:48:37.657167,426.68
JK8NZR,2023-02-07 01:48:37.657168,27.67
GW6JGY,2023-05-29 01:48:37.657171,454.06
G128DM,2023-05-16 01:48:37.657171,451.57
T2VILG,2022-12-12 01:48:37.657172,399.8
AKX7DO,2023-04-20 01:48:37.657173,352.82
HB7WME,2023-04-04 01:48:37.657174,138.46
C6RG06,2023-08-20 01:48:37.657174,326.82
EH37I3,2023-06-05 01:48:37.657175,226.12
ONT73L,2022-09-22 01:48:37.657176,61.24
VM438A,2023-06-12 01:48:37.657177,108.99
E2KMJH,2023-08-09 01:48:37.657178,176.97
CZB05P,2023-02-27 01:48:37.657178,177.33
F3DLDP,2023-01-06 01:48:37.657179,227.04
79AI3N,2023-07-11 01:48:37.657180,97.06
Z3CKCC,2023-05-27 01:48:37.657181,268.37
3IPTS6,2022-11-27 01:48:37.657182,343.43
FBRDB0,2022-12-02 01:48:37.657182,376.72
MDWMTS,2023-07-16 01:48:37.657183,275.1
LACQQB,2023-05-20 01:48:37.657184,113.72
0CMCN3,2023-08-21 01:48:37.657185,412.94
20DFJ1,2023-06-12 01:48:37.657186,125.41
4ZWE2I,2023-01-10 01:48:37.657186,332.95
BN8OO9,2023-09-02 01:48:37.657187,29.64
TG2OUR,2023-01-10 01:48:37.657188,188.3
F20DHD,2023-09-14 01:48:37.657189,147.78
MDPV3O,2023-08-23 01:48:37.657190,384.81
AIHC87,2022-11-16 01:48:37.657190,228.56
V5TCF0,2023-08-19 01:48:37.657191,276.88
81NQZA,2023-08-29 01:48:37.657192,54.32
R1PALA,2022-12-05 01:48:37.657193,92.93
HKCGIF,2023-01-20 01:48:37.657194,253.13
TFGW7Q,2022-12-26 01:48:37.657195,455.92
RBL4EK,2022-09-21 01:48:37.657195,321.81
E9I1RP,2022-10-08 01:48:37.657196,144.03
44E6BG,2022-12-05 01:48:37.657197,184.76
1CYU1A,2023-09-07 01:48:37.657198,75.27
BW3DC7,2023-02-16 01:48:37.657199,337.97
6ROJJ9,2023-09-10 01:48:37.657199,156.68
HEG2OP,2023-08-02 01:48:37.657200,193.72
3E5N1T,2023-04-22 01:48:37.657201,269.98
L9R8LP,2023-07-14 01:48:37.657202,457.63
QJQOHK,2023-05-27 01:48:37.657202,343.4
JO2D2Z,2022-10-29 01:48:37.657203,283.54
HLF6VY,2023-08-03 01:48:37.657204,289.96
W7YW2D,2022-09-21 01:48:37.657205,402.39
VN6FNO,2022-10-27 01:48:37.657206,371.93
FSUL70,2023-06-16 01:48:37.657206,289.13
9PJS3E,2023-03-31 01:48:37.657207,231.3
ZY2BBB,2023-05-30 01:48:37.657208,212.81
RO6IU4,2023-07-11 01:48:37.657209,388.51
KBC5L9,2022-10-21 01:48:37.657210,47.75
6N3WDI,2023-03-04 01:48:37.657210,247.69
9XJ3GR,2023-09-02 01:48:37.657211,150.78
KJVNUD,2023-01-04 01:48:37.657212,354.44
4Y2TMM,2023-07-07 01:48:37.657213,411.96
8RFNUN,2023-06-18 01:48:37.657214,240.4
JDSGK3,2023-09-01 01:48:37.657214,228.22
L2AA51,2023-05-08 01:48:37.657215,149.71
FJ65KI,2022-11-24 01:48:37.657216,427.6
DNS475,2022-09-21 01:48:37.657217,303.45
MM3827,2023-09-05 01:48:37.657217,490.72
MNKAMU,2023-01-10 01:48:37.657218,358.05
Y6GHZH,2022-11-17 01:48:37.657219,200.94
CT5HZG,2023-03-29 01:48:37.657220,381.31
I0Y3H1,2023-07-19 01:48:37.657221,247.29
KGSOC3,2023-07-21 01:48:37.657221,382.05
I1XBAQ,2023-04-14 01:48:37.657222,210.64
KZRNRO,2022-12-14 01:48:37.657223,359.6
7AA6IS,2022-12-13 01:48:37.657224,275.18
103GU0,2023-01-29 01:48:37.657225,228.41
T3KYFW,2023-04-24 01:48:37.657225,181.57
QPRHFM,2023-09-18 01:48:37.657226,69.43
L3SMVD,2023-08-07 01:48:37.657227,190.65
FI246K,2022-12-02 01:48:37.657228,369.11
O80FVZ,2022-12-10 01:48:37.657228,437.64
8RFNUN,2022-12-22 01:48:37.657229,427.62
KRBM96,2022-09-28 01:48:37.657230,140.55
LCIM8W,2023-03-12 01:48:37.657231,154.9
VF2DSX,2023-05-07 01:48:37.657232,139.8
UQZJ30,2023-08-16 01:48:37.657233,398.93
E2KMJH,2023-08-08 01:48:37.657233,403.75
MEX1D6,2023-03-07 01:48:37.657234,213.25
TY9H81,2022-11-03 01:48:37.657235,138.38
CCMZVS,2022-12-23 01:48:37.657236,491.66
TFGW7Q,2022-11-15 01:48:37.657236,276.93
AN7NHS,2023-08-23 01:48:37.657237,146.74
CJJTRP,2023-09-15 01:48:37.657238,350.77
4Z31VU,2023-01-27 01:48:37.657239,458.03
45ZEYX,2023-08-02 01:48:37.657240,412.33
E5MO32,2023-02-18 01:48:37.657240,437.03
7B1R6V,2022-12-09 01:48:37.657241,103.2
LU112W,2023-09-17 01:48:37.657242,332.79
40AKTF,2023-07-07 01:48:37.657243,475.71
KUCXKF,2023-09-07 01:48:37.657244,143.33
T6A2Z8,2023-06-23 01:48:37.657245,201.9
9XJ3GR,2023-01-18 01:48:37.657245,199.74
CFG11M,2022-12-04 01:48:37.657246,177.3
VBWRKX,2023-05-22 01:48:37.657247,298.85
B7C08P,2022-11-29 01:48:37.657248,406.93
P7ROPE,2022-09-28 01:48:37.657249,479.16
RS6E0I,2023-06-21 01:48:37.657249,136.18
L548EC,2022-12-21 01:48:37.657250,450.78
6ROJJ9,2023-08-20 01:48:37.657251,343.89
AXO5AE,2023-05-11 01:48:37.657252,199.0
FLRK6J,2023-08-08 01:48:37.657253,136.57
45Y56I,2022-11-26 01:48:37.657253,13.66
JDSGK3,2023-05-01 01:48:37.657254,357.61
HKGCFJ,2023-07-01 01:48:37.657255,83.77
HLF6VY,2023-09-01 01:48:37.657256,311.94
EEPRT8,2023-07-20 01:48:37.657257,286.49
FT0EZE,2022-09-30 01:48:37.657257,160.11
70IJXQ,2022-11-18 01:48:37.657258,203.8
OYQSXC,2022-12-13 01:48:37.657259,227.15
BYFQKU,2023-04-09 01:48:37.657260,17.1
RBL4EK,2022-09-22 01:48:37.657260,271.61
UF8FW4,2022-12-06 01:48:37.657261,151.34
15ABJ2,2023-06-28 01:48:37.657262,194.25
2HQW6R,2022-11-03 01:48:37.657263,55.03
2Q5YNT,2023-03-11 01:48:37.657264,291.33
USQ90V,2023-06-06 01:48:37.657264,395.67
1OI8PH,2023-04-10 01:48:37.657265,276.22
CUQ32F,2023-02-14 01:48:37.657266,242.32
7T3FAU,2023-05-26 01:48:37.657267,175.98
CT5HZG,2022-10-03 01:48:37.657268,198.86
0Q4CLC,2023-09-13 01:48:37.657268,479.1
6UZ26K,2022-10-13 01:48:37.657269,309.43
V1RDLK,2023-05-23 01:48:37.657270,189.99
GBF5W5,2023-07-11 01:48:37.657271,156.67
DRIT8B,2023-08-31 01:48:37.657271,226.47
ZVDFG0,2023-07-14 01:48:37.657272,243.7
1OZ4Q3,2023-08-31 01:48:37.657273,488.48
LE00WQ,2023-03-20 01:48:37.657274,131.33
7WU1YU,2023-08-17 01:48:37.657275,128.61
EAKO5Y,2022-10-09 01:48:37.657275,143.43
G128DM,2023-04-30 01:48:37.657276,301.17
K1Q88Q,2022-10-15 01:48:37.657277,157.28
Y23UIN,2023-01-15 01:48:37.657278,44.83
CT5HZG,2023-07-21 01:48:37.657279,71.04
410O7E,2023-05-11 01:48:37.657279,162.37
A3PD49,2023-01-13 01:48:37.657280,394.8
3HVOAU,2023-09-09 01:48:37.657281,284.14
BBPROI,2023-08-26 01:48:37.657282,459.45
C0C5SI,2023-06-13 01:48:37.657282,104.51
8RFNUN,2023-01-08 01:48:37.657283,446.79
V5TCF0,2023-09-04 01:48:37.657284,419.42
B6RCXU,2022-11-27 01:48:37.657285,394.9
J3E44Z,2022-10-22 01:48:37.657285,211.5
9BX8WA,2023-01-12 01:48:37.657286,342.99
NMWH2M,2023-01-05 01:48:37.657287,205.26
V8HZUA,2022-10-13 01:48:37.657288,74.66
7AUDP9,2022-11-06 01:48:37.657289,72.49
2XO6BC,2023-04-19 01:48:37.657289,70.87
U0HOPC,2022-11-29 01:48:37.657290,178.74
JWUMGE,2023-09-16 01:48:37.657291,428.01
FADA8G,2023-08-07 01:48:37.657292,436.72
ZIBF0N,2023-07-28 01:48:37.657292,422.57
FJ65KI,2023-05-23 01:48:37.657293,350.76
QKW9UR,2023-08-16 01:48:37.657294,491.11
GH9JQF,2022-10-28 01:48:37.657295,411.78
IDIY1S,2022-10-23 01:48:37.657296,358.05
DD0KD3,2023-08-20 01:48:37.657296,359.62
CY207G,2023-08-22 01:48:37.657297,134.1
MJQ4D8,2023-07-29 01:48:37.657298,470.16
U8AVXT,2022-11-09 01:48:37.657299,427.88
ZTV2WC,2022-11-02 01:48:37.657300,168.2
JXSUTK,2023-01-18 01:48:37.657300,98.1
XZ43RX,2022-12-10 01:48:37.657301,407.21
0T4FAR,2023-03-19 01:48:37.657302,27.44
P44T2I,2023-04-14 01:48:37.657303,364.27
5CBQTD,2023-01-22 01:48:37.657304,471.8
01KLNW,2022-11-28 01:48:37.657304,183.18
EIZL1I,2023-02-07 01:48:37.657305,462.45
YIJ6WP,2022-12-24 01:48:37.657306,462.74
T1GPW6,2022-10-30 01:48:37.657307,402.27
3NV719,2023-08-04 01:48:37.657308,58.48
GZPWZR,2023-04-16 01:48:37.657308,112.0
WCSIU3,2022-09-26 01:48:37.657309,347.27
W7YW2D,2023-07-26 01:48:37.657310,316.41
7GFUQF,2023-05-09 01:48:37.657311,301.52
DTVINL,2023-06-16 01:48:37.657312,18.55
MO8PQT,2023-08-17 01:48:37.657312,81.03
7BY4PB,2023-07-04 01:48:37.657313,323.54
2U73HO,2023-02-16 01:48:37.657314,241.18
UPHJWU,2023-01-13 01:48:37.657315,186.21
CT5HZG,2022-10-15 01:48:37.657315,333.69
XFTNAF,2023-05-12 01:48:37.657316,234.71
UST5P1,2023-06-02 01:48:37.657317,473.49
2HQW6R,2023-02-11 01:48:37.657318,364.49
63RKM5,2023-02-04 01:48:37.657319,27.25
2HQW6R,2023-04-12 01:48:37.657320,298.13
UA9IFM,2023-03-03 01:48:37.657320,312.24
P48AF4,2023-08-30 01:48:37.657321,269.32
SQJ436,2023-05-05 01:48:37.657322,108.44
MVN7N9,2022-10-18 01:48:37.657323,383.83
CD7FNE,2023-04-30 01:48:37.657323,435.92
YNHCSV,2022-10-31 01:48:37.657324,343.13
991UU7,2022-09-20 01:48:37.657325,120.12
K3NAS5,2023-04-15 01:48:37.657326,295.62
9HXU24,2023-08-19 01:48:37.657327,407.38
IDGBCA,2022-11-26 01:48:37.657327,58.9
TN0KBG,2023-09-01 01:48:37.657328,139.95
W7YW2D,2023-01-16 01:48:37.657329,74.82
YHSHMT,2022-11-16 01:48:37.657330,369.78
DTVINL,2023-04-09 01:48:37.657331,453.21
MJQ4D8,2022-09-21 01:48:37.657331,398.06
HWLRBU,2023-07-03 01:48:37.657332,13.62
WTYYJ7,2023-03-08 01:48:37.657333,492.96
4JNE4E,2022-12-03 01:48:37.657334,188.23
TT2ULM,2022-10-27 01:48:37.657334,229.53
NSTKAH,2023-01-11 01:48:37.657335,257.49
0D844B,2023-09-14 01:48:37.657336,170.49
PA0ZI5,2022-12-09 01:48:37.657337,189.87
YDJJ1F,2023-04-26 01:48:37.657338,248.13
HQ6ZVE,2023-01-03 01:48:37.657338,436.89
MYFEA8,2023-05-26 01:48:37.657339,178.02
QFK7S3,2023-01-28 01:48:37.657340,34.84
MVN7N9,2023-08-26 01:48:37.657341,113.95
YE5UDL,2023-06-26 01:48:37.657342,317.13
ZC8OD5,2023-07-12 01:48:37.657342,452.38
RCI1JG,2022-10-19 01:48:37.657343,202.67
5Y72DO,2023-07-22 01:48:37.657344,339.96
0AO711,2022-12-14 01:48:37.657345,262.5
AHU91B,2022-11-21 01:48:37.657345,13.71
YHSHMT,2022-12-07 01:48:37.657346,299.89
60UND6,2023-01-20 01:48:37.657347,382.4
7P9EWH,2022-12-01 01:48:37.657348,87.09
DRIT8B,2023-02-20 01:48:37.657349,128.37
LRNHG5,2023-04-16 01:48:37.657349,171.42
L2AA51,2023-09-08 01:48:37.657350,407.51
T8O1KA,2022-11-02 01:48:37.657351,61.67
LYBHP9,2022-09-24 01:48:37.657352,243.02
DRL75K,2023-05-01 01:48:37.657353,438.35
VGR5RH,2023-02-11 01:48:37.657353,365.05
DD0KD3,2023-05-21 01:48:37.657354,467.83
LE00WQ,2023-08-20 01:48:37.657355,217.34
ONGTOV,2022-11-08 01:48:37.657356,307.45
ZATC79,2022-09-25 01:48:37.657357,201.38
AL1WDE,2023-07-11 01:48:37.657357,191.78
7UFQ5R,2023-08-16 01:48:37.657358,315.67
EEK0LZ,2023-06-23 01:48:37.657359,308.08
HEG2OP,2023-08-04 01:48:37.657360,374.67
6B3P23,2023-08-06 01:48:37.657360,398.04
8R3ZXH,2023-02-16 01:48:37.657361,44.81
1AQFP9,2023-04-04 01:48:37.657362,449.13
EH37I3,2023-01-27 01:48:37.657363,106.47
80SNRY,2022-12-10 01:48:37.657364,102.73
DOOOOB,2022-10-04 01:48:37.657364,328.73
8BMLFY,2023-07-28 01:48:37.657365,146.16
T1GPW6,2023-07-20 01:48:37.657366,286.15
YF11NC,2023-01-19 01:48:37.657367,410.61
D474M9,2023-07-29 01:48:37.657367,197.11
UST5P1,2023-04-21 01:48:37.657368,301.32
CT5HZG,2022-10-03 01:48:37.657369,454.66
51LNUC,2023-08-18 01:48:37.657370,344.79
OYQSXC,2022-12-01 01:48:37.657371,373.8
S97AD3,2022-10-13 01:48:37.657372,291.28
4GI6BT,2023-05-05 01:48:37.657372,325.27
M07WJF,2022-09-25 01:48:37.657373,133.94
N4IX1M,2023-08-02 01:48:37.657374,156.4
GNPBUH,2023-04-24 01:48:37.657375,399.03
9BX8WA,2023-04-04 01:48:37.657376,98.2
X4PZPG,2023-04-03 01:48:37.657376,491.29
WVY910,2023-08-22 01:48:37.657377,146.51
A15JU7,2022-11-29 01:48:37.657378,434.42
M0NVIF,2022-11-09 01:48:37.657379,76.22
2Q5YNT,2022-09-23 01:48:37.657380,356.08
HNGKNL,2023-09-12 01:48:37.657380,303.32
8WU3Q2,2022-10-27 01:48:37.657381,283.32
8BMLFY,2022-11-02 01:48:37.657382,99.91
CGBFDM,2023-04-24 01:48:37.657383,84.86
CM8EVM,2023-07-29 01:48:37.657384,87.49
O2ETM1,2023-04-03 01:48:37.657384,191.06
UZ3XJ1,2023-05-27 01:48:37.657385,159.99
48PIJK,2023-04-09 01:48:37.657386,259.96
FI246K,2023-03-09 01:48:37.657387,306.24
TJHGIK,2022-10-06 01:48:37.657387,128.87
JDQGQ3,2023-08-25 01:48:37.657388,187.82
B6RCXU,2023-07-31 01:48:37.657389,483.53
66Q990,2023-08-22 01:48:37.657390,170.49
FLRK6J,2023-05-14 01:48:37.657391,300.75
CCMZVS,2022-11-12 01:48:37.657391,419.74
410O7E,2022-11-28 01:48:37.657392,420.86
L0L7BA,2023-04-24 01:48:37.657393,191.31
QE13HU,2023-06-14 01:48:37.657394,281.41
FK47XM,2022-12-12 01:48:37.657394,474.61
Q0B228,2022-12-24 01:48:37.657395,309.79
1818QZ,2023-01-28 01:48:37.657396,251.32
9LI7CC,2023-07-02 01:48:37.657397,97.39
JQ9UB5,2023-07-30 01:48:37.657398,132.54
J5SAUB,2022-10-17 01:48:37.657399,359.98
QPRHFM,2022-11-15 01:48:37.657399,290.25
8H1S1S,2023-03-06 01:48:37.657400,324.6
V679HW,2023-02-02 01:48:37.657401,177.31
7AA6IS,2023-08-24 01:48:37.657402,144.08
6YBQ6N,2023-06-06 01:48:37.657402,10.72
OQJ5I0,2023-01-20 01:48:37.657403,412.56
WY0DV8,2023-07-10 01:48:37.657404,346.1
7DA81I,2022-12-15 01:48:37.657405,242.76
4HPZJZ,2022-10-30 01:48:37.657406,364.92
ICX0DW,2023-03-03 01:48:37.657406,319.64
ZNIRF7,2023-06-17 01:48:37.657407,105.68
Y23UIN,2023-01-01 01:48:37.657408,474.31
XD6F21,2023-06-26 01:48:37.657409,139.87
63RKM5,2023-01-14 01:48:37.657410,267.45
63RKM5,2022-09-28 01:48:37.657410,180.31
HP3DX7,2023-04-29 01:48:37.657411,121.43
ZR1W93,2023-09-13 01:48:37.657412,244.92
H53G42,2023-08-01 01:48:37.657413,390.92
7520IN,2023-09-08 01:48:37.657413,324.3
A15JU7,2023-01-30 01:48:37.657414,414.63
SF3MNV,2022-09-29 01:48:37.657415,134.74
BD3QGC,2022-10-23 01:48:37.657416,446.46
4NIMJW,2023-01-15 01:48:37.657417,319.92
NZSGNP,2022-10-18 01:48:37.657417,52.08
WHYRIT,2022-11-28 01:48:37.657418,447.78
W7YW2D,2022-11-17 01:48:37.657419,458.47
G128DM,2022-10-08 01:48:37.657420,335.3
S1H208,2023-02-09 01:48:37.657421,19.69
EEPRT8,2023-01-07 01:48:37.657421,158.62
ZQOAHL,2023-07-27 01:48:37.657422,405.16
5EALDA,2023-03-07 01:48:37.657423,368.36
JF8PVI,2023-04-10 01:48:37.657424,41.51
F1DOZJ,2022-11-27 01:48:37.657424,202.61
OG99KW,2022-10-01 01:48:37.657425,384.24
YXAVXG,2023-03-18 01:48:37.657426,474.41
9ILV5K,2023-03-30 01:48:37.657427,181.22
HNGKNL,2022-11-22 01:48:37.657428,420.72
BYFQKU,2023-02-07 01:48:37.657428,51.84
0FTWL3,2022-10-01 01:48:37.657429,276.9
12PCZ0,2022-09-22 01:48:37.657430,151.61
L7OGB4,2022-11-24 01:48:37.657431,201.62
78KQO8,2023-03-29 01:48:37.657432,74.97
DGOPCF,2023-08-31 01:48:37.657432,407.41
EOA3L7,2022-10-04 01:48:37.657433,448.43
3XXHWF,2023-08-15 01:48:37.657434,390.3
Q1GJ13,2023-04-20 01:48:37.657435,104.2
BBPROI,2023-05-29 01:48:37.657435,306.47
KJVNUD,2022-10-30 01:48:37.657436,322.03
NZWR70,2022-12-11 01:48:37.657437,429.16
4FWGJW,2023-06-03 01:48:37.657438,44.67
4ZYB7Z,2023-02-02 01:48:37.657439,369.95
8DKQTJ,2023-09-05 01:48:37.657441,34.6
X3K07F,2023-03-04 01:48:37.657442,314.52
BPH5F9,2022-10-30 01:48:37.657442,325.45
KUCXKF,2022-10-03 01:48:37.657443,273.82
ZUOVA0,2022-10-22 01:48:37.657444,275.82
0AO711,2023-02-15 01:48:37.657445,69.61
AXO5AE,2023-05-25 01:48:37.657446,263.49
OZ0GS7,2022-09-22 01:48:37.657447,334.14
P48AF4,2023-08-12 01:48:37.657447,211.84
OYQSXC,2023-04-08 01:48:37.657448,51.14
E2KMJH,2023-05-10 01:48:37.657449,403.45
LE00WQ,2023-02-17 01:48:37.657450,226.2
33HGAQ,2023-01-27 01:48:37.657450,326.72
C8FXO6,2023-02-06 01:48:37.657451,91.28
XTNT2V,2023-03-12 01:48:37.657452,163.2
U2A2JY,2023-07-19 01:48:37.657453,390.09
ZE4OFR,2023-09-14 01:48:37.657454,459.28
M0NVIF,2023-05-06 01:48:37.657454,250.89
M0NVIF,2023-01-20 01:48:37.657455,245.05
VN18MU,2022-10-31 01:48:37.657456,190.16
R0E61P,2023-04-08 01:48:37.657457,332.25
1CYU1A,2023-07-23 01:48:37.657458,235.43
1K8SXX,2023-04-14 01:48:37.657458,60.37
TJGXXW,2023-01-14 01:48:37.657459,161.07
3IPTS6,2023-04-24 01:48:37.657460,397.52
V3M42C,2022-10-07 01:48:37.657461,245.46
J5SAUB,2023-03-25 01:48:37.657461,205.48
0TLNE0,2023-09-09 01:48:37.657462,421.63
L2AA51,2022-12-26 01:48:37.657463,436.84
Y23UIN,2023-08-26 01:48:37.657464,199.02
KGSOC3,2023-07-22 01:48:37.657464,113.17
K1Q88Q,2023-02-28 01:48:37.657465,215.97
JHXRKU,2022-12-31 01:48:37.657466,83.03
OYQSXC,2023-01-20 01:48:37.657467,42.78
6J35A1,2023-04-07 01:48:37.657468,99.31
RI6MWQ,2023-08-01 01:48:37.657468,280.81
5XK6FB,2023-03-29 01:48:37.657469,77.48
OZ0GS7,2023-09-16 01:48:37.657470,491.6
ZUOVA0,2022-12-26 01:48:37.657471,380.83
A3PD49,2022-10-18 01:48:37.657472,218.29
ZPK3FC,2022-09-25 01:48:37.657472,173.36
ZBPV8L,2023-03-06 01:48:37.657473,68.69
EN13UK,2023-01-28 01:48:37.657474,169.56
HQ6ZVE,2023-06-13 01:48:37.657475,448.26
LH9G83,2022-11-22 01:48:37.657476,226.7
GCL7TL,2023-03-14 01:48:37.657476,43.11
2U73HO,2023-07-17 01:48:37.657477,210.11
W38I1T,2023-09-12 01:48:37.657478,401.89
W7YW2D,2023-01-01 01:48:37.657479,260.31
XCM51B,2023-04-20 01:48:37.657480,423.79
34GYL6,2023-07-31 01:48:37.657480,10.55
6ZZDPO,2023-09-05 01:48:37.657481,459.36
51LNUC,2023-06-24 01:48:37.657482,88.86
G2W6KP,2023-02-07 01:48:37.657483,220.0
EEPRT8,2023-03-12 01:48:37.657484,138.71
CGBFDM,2023-03-22 01:48:37.657484,113.71
MZ25OQ,2023-08-06 01:48:37.657485,231.96
W6VY1J,2022-09-22 01:48:37.657486,88.6
OQJ5I0,2023-06-27 01:48:37.657487,201.03
LEI6G7,2022-10-26 01:48:37.657487,86.61
I3GJTW,2022-10-03 01:48:37.657488,137.35
XZ43RX,2023-01-17 01:48:37.657489,67.09
O5LDL4,2023-01-23 01:48:37.657490,342.05
FEI95C,2023-07-24 01:48:37.657491,448.69
LU112W,2023-09-15 01:48:37.657491,406.65
FRKBND,2023-05-25 01:48:37.657492,206.87
T8O1KA,2022-10-06 01:48:37.657493,422.85
UQZJ30,2023-04-16 01:48:37.657494,138.2
MQLVRG,2023-04-18 01:48:37.657495,181.05
JAGCVX,2023-08-06 01:48:37.657495,457.83
3ZFLXW,2023-03-29 01:48:37.657496,202.84
JWQUO4,2023-02-22 01:48:37.657497,499.14
135NEX,2022-09-27 01:48:37.657498,149.46
5XK6FB,2022-11-27 01:48:37.657498,320.48
NSAU3B,2023-05-26 01:48:37.657499,260.67
RIY5V3,2022-09-20 01:48:37.657500,264.54
2SRQT1,2022-12-07 01:48:37.657501,110.23
C7FKL8,2022-10-25 01:48:37.657502,308.25
TEZW91,2023-08-26 01:48:37.657502,214.35
7GFUQF,2023-09-09 01:48:37.657503,258.81
OZJ4SE,2023-06-24 01:48:37.657504,271.93
CGBFDM,2022-11-15 01:48:37.657505,120.58
RRHV0Z,2023-06-23 01:48:37.657506,422.64
W6VY1J,2023-05-07 01:48:37.657506,265.78
6OC0WZ,2023-04-19 01:48:37.657507,433.77
6XCITH,2023-04-23 01:48:37.657508,163.6
XFVSMK,2022-09-30 01:48:37.657509,201.21
6PLO48,2022-10-17 01:48:37.657510,126.74
T2WGKS,2023-06-20 01:48:37.657510,469.92
Y25NZL,2023-03-17 01:48:37.657511,495.61
2HQW6R,2022-11-14 01:48:37.657512,255.26
L4MDPH,2023-07-07 01:48:37.657513,65.48
TOS0ZS,2023-01-12 01:48:37.657513,33.49
PMWOG3,2023-05-06 01:48:37.657514,31.48
JIZG57,2023-07-03 01:48:37.657515,172.25
DM6O7R,2022-11-21 01:48:37.657516,30.76
Y8ZA5X,2023-08-25 01:48:37.657516,445.13
IK3LUK,2022-12-21 01:48:37.657517,33.55
C0C5SI,2023-04-20 01:48:37.657518,313.43
0HHVVX,2022-09-28 01:48:37.657519,58.41
7520IN,2023-08-18 01:48:37.657520,116.66
