CustomerID,PageViews,EmailSubscribed,LastLoginDate
ZBPV8L,3,False,2022-12-23 01:48:37.663042
TAJ4AI,42,True,2023-04-30 01:48:37.663044
60UND6,47,True,2023-01-23 01:48:37.663045
S1H208,71,False,2023-08-15 01:48:37.663046
X4RSJZ,45,False,2023-03-26 01:48:37.663047
1N8E2P,81,True,2023-01-22 01:48:37.663048
G128DM,55,False,2023-02-09 01:48:37.663049
XZ43RX,15,True,2023-07-22 01:48:37.663050
7FCO8S,89,False,2023-01-04 01:48:37.663051
O2ETM1,32,False,2023-03-04 01:48:37.663052
O5ZP1G,70,True,2023-06-22 01:48:37.663053
0TLNE0,63,False,2022-10-09 01:48:37.663054
JO2D2Z,42,True,2023-05-31 01:48:37.663054
CD7FNE,84,True,2023-09-04 01:48:37.663055
MQV960,72,True,2023-03-10 01:48:37.663056
ZCXNWZ,20,False,2022-12-05 01:48:37.663057
RO6IU4,87,True,2023-03-24 01:48:37.663058
38H1F5,16,False,2023-07-16 01:48:37.663058
5436C1,54,True,2023-08-11 01:48:37.663059
Q1GJ13,20,False,2023-04-22 01:48:37.663060
35AY4E,1,False,2022-12-19 01:48:37.663061
X174UC,46,False,2023-08-08 01:48:37.663062
2YZX6P,8,True,2023-03-09 01:48:37.663062
D2SLGE,16,False,2023-02-09 01:48:37.663063
VWYOJE,87,False,2022-12-25 01:48:37.663064
K0YRJU,75,True,2023-08-02 01:48:37.663065
N5V9YO,94,True,2022-10-21 01:48:37.663065
DJPDLM,82,True,2022-11-26 01:48:37.663066
VINI7U,66,True,2023-05-20 01:48:37.663067
VQMUS4,41,True,2022-10-04 01:48:37.663068
5JYXMQ,4,False,2023-04-26 01:48:37.663069
VN6FNO,26,True,2023-05-12 01:48:37.663069
3O9U1B,58,False,2022-10-24 01:48:37.663070
M0NVIF,45,True,2022-09-26 01:48:37.663071
Z4XLBM,28,True,2023-08-05 01:48:37.663072
T6A2Z8,98,True,2023-02-18 01:48:37.663073
ZQOAHL,72,False,2023-09-03 01:48:37.663073
5EOMM9,7,False,2022-11-25 01:48:37.663074
7HAMEZ,95,False,2023-02-13 01:48:37.663075
2SRQT1,63,True,2023-09-10 01:48:37.663076
NVTMT3,3,False,2023-07-07 01:48:37.663077
W38I1T,21,True,2023-06-27 01:48:37.663077
7Z65OJ,16,False,2022-12-17 01:48:37.663078
ZOKNWQ,47,False,2022-12-08 01:48:37.663079
46RJ9Y,4,False,2023-06-18 01:48:37.663080
AU8RZX,91,False,2022-12-18 01:48:37.663081
8OK6PJ,66,True,2023-06-03 01:48:37.663081
4TP5WY,47,False,2022-10-23 01:48:37.663082
ZNIRF7,92,True,2023-08-10 01:48:37.663083
Y1ZUZ8,73,True,2022-10-04 01:48:37.663084
ABMOMV,53,False,2022-10-03 01:48:37.663084
UZ3XJ1,27,False,2023-04-17 01:48:37.663085
NSTKAH,55,True,2023-06-21 01:48:37.663086
FQNYRX,54,False,2023-02-28 01:48:37.663087
GAL1OA,81,True,2023-07-18 01:48:37.663088
NGMXA4,82,False,2023-05-18 01:48:37.663088
ZIBF0N,91,True,2023-08-11 01:48:37.663089
W9SOIL,93,True,2023-08-31 01:48:37.663090
EPF9X6,79,True,2023-02-26 01:48:37.663091
ZOKNWQ,73,False,2023-04-01 01:48:37.663091
3NV719,83,True,2022-09-29 01:48:37.663092
DW2U2W,75,False,2023-06-08 01:48:37.663093
LEYWO3,57,True,2023-09-19 01:48:37.663094
7Y77Z8,36,False,2023-05-30 01:48:37.663095
V3H642,57,False,2023-03-21 01:48:37.663095
DGOPCF,18,True,2023-02-27 01:48:37.663096
MJQ4D8,12,True,2023-02-21 01:48:37.663097
MM3827,95,False,2023-03-24 01:48:37.663098
V5RNVK,24,False,2022-10-01 01:48:37.663099
E5MO32,92,True,2022-11-15 01:48:37.663100
WPWB9C,48,True,2022-10-06 01:48:37.663100
6WLYPJ,62,False,2023-06-08 01:48:37.663101
J3E44Z,41,False,2023-06-23 01:48:37.663102
CHLOE4,16,True,2023-02-19 01:48:37.663103
CJJTRP,33,True,2023-04-03 01:48:37.663104
VKEA4X,65,False,2022-11-23 01:48:37.663104
LVSUAH,60,True,2023-02-15 01:48:37.663105
DN3PYR,16,True,2023-09-15 01:48:37.663106
3DQR1B,58,True,2022-12-04 01:48:37.663107
5Y72DO,43,False,2023-08-07 01:48:37.663107
9BX8WA,15,True,2023-09-11 01:48:37.663108
8WU3Q2,14,True,2023-01-31 01:48:37.663109
G2W6KP,76,False,2023-01-31 01:48:37.663110
GNPBUH,57,True,2023-05-12 01:48:37.663110
UA9IFM,14,True,2022-11-26 01:48:37.663111
CEP50J,40,False,2023-02-02 01:48:37.663112
OLPYJW,66,True,2022-11-21 01:48:37.663113
1XBF03,32,True,2023-02-03 01:48:37.663114
WY0DV8,61,False,2023-07-25 01:48:37.663114
X130PP,23,False,2023-04-10 01:48:37.663115
2NDA13,32,False,2023-07-30 01:48:37.663116
DHNUGU,72,True,2023-07-26 01:48:37.663117
C7FKL8,69,False,2023-07-19 01:48:37.663117
HB7WME,58,True,2022-11-22 01:48:37.663118
11H00L,27,True,2022-12-29 01:48:37.663119
FBRDB0,58,True,2023-04-29 01:48:37.663120
7T3FAU,13,True,2023-02-28 01:48:37.663121
60UND6,45,True,2023-07-02 01:48:37.663121
10K3VK,74,True,2023-04-06 01:48:37.663122
WY0DV8,34,False,2023-04-12 01:48:37.663123
HCDLM9,65,False,2023-06-21 01:48:37.663124
TFGW7Q,89,False,2023-05-18 01:48:37.663125
PKEFK6,46,False,2023-04-01 01:48:37.663125
YIJ6WP,50,True,2022-09-20 01:48:37.663126
WPCBKT,42,True,2023-01-25 01:48:37.663127
SIHKR1,76,False,2023-04-30 01:48:37.663128
33HGAQ,12,True,2022-11-27 01:48:37.663129
A3LYN1,65,False,2023-09-17 01:48:37.663129
IDIY1S,10,True,2023-06-03 01:48:37.663130
T6A2Z8,82,True,2023-06-20 01:48:37.663131
TAJ4AI,81,True,2023-03-16 01:48:37.663132
MPJSF0,94,False,2023-08-09 01:48:37.663133
AL1WDE,48,False,2023-03-21 01:48:37.663133
IPX0AZ,27,False,2023-01-16 01:48:37.663134
LE00WQ,90,True,2023-04-19 01:48:37.663135
JAGCVX,11,True,2022-10-22 01:48:37.663136
REW174,32,True,2023-04-03 01:48:37.663136
92IY5S,27,True,2022-12-08 01:48:37.663137
5GV2SS,53,False,2022-10-05 01:48:37.663138
XKXULQ,24,False,2023-03-06 01:48:37.663139
1EGKYI,60,False,2023-06-29 01:48:37.663139
JJISTH,28,False,2023-01-18 01:48:37.663140
6NMUTP,32,False,2023-01-27 01:48:37.663141
HITOMG,74,True,2023-08-19 01:48:37.663142
MZ25OQ,18,False,2023-05-27 01:48:37.663142
NVTMT3,43,True,2023-05-22 01:48:37.663143
75Q8CB,12,False,2023-01-14 01:48:37.663144
0QTTWK,9,True,2023-01-30 01:48:37.663145
EX9N6I,82,True,2023-04-13 01:48:37.663145
4HPZJZ,52,False,2023-05-23 01:48:37.663146
QEX4X5,1,False,2023-03-05 01:48:37.663147
K514FP,6,True,2023-06-09 01:48:37.663148
PJK1IZ,22,True,2023-01-16 01:48:37.663149
64UQZA,89,False,2023-02-23 01:48:37.663149
3XXHWF,68,True,2023-03-09 01:48:37.663150
DTVINL,19,False,2022-10-31 01:48:37.663151
CCMZVS,90,False,2023-07-03 01:48:37.663152
Q0B228,6,True,2022-12-10 01:48:37.663152
JF8PVI,59,True,2023-05-25 01:48:37.663153
U9VV5C,1,True,2023-02-24 01:48:37.663154
IJLZNB,42,True,2023-05-05 01:48:37.663155
EOCEB3,58,False,2022-11-04 01:48:37.663156
EEK0LZ,6,False,2023-07-09 01:48:37.663156
UCKZHJ,52,True,2023-07-27 01:48:37.663157
4958O7,36,False,2023-07-10 01:48:37.663158
K3NAS5,13,True,2023-01-30 01:48:37.663159
OT1YZ6,65,True,2022-11-13 01:48:37.663159
B4M3GG,80,False,2023-03-27 01:48:37.663160
IK4QV9,72,False,2022-10-03 01:48:37.663161
GV6D0N,22,True,2023-06-19 01:48:37.663162
C539UI,77,False,2022-12-28 01:48:37.663163
Y0XG1C,34,False,2023-02-08 01:48:37.663163
DGOPCF,61,False,2023-07-04 01:48:37.663164
KUCXKF,56,True,2023-02-02 01:48:37.663165
JK8NZR,10,False,2022-12-30 01:48:37.663166
BPH5F9,39,False,2023-05-30 01:48:37.663167
YDJJ1F,92,False,2023-01-12 01:48:37.663167
X44S2J,92,False,2023-08-18 01:48:37.663168
KBCPRC,96,True,2023-08-17 01:48:37.663169
0HHVVX,95,True,2022-12-05 01:48:37.663170
R8X1YN,10,False,2023-01-13 01:48:37.663170
79FIBG,73,False,2023-05-13 01:48:37.663171
536WFD,27,False,2023-07-19 01:48:37.663172
9LI7CC,70,True,2023-09-02 01:48:37.663173
7P9EWH,100,True,2022-12-26 01:48:37.663173
MDWMTS,81,False,2023-09-05 01:48:37.663174
HUFVZ6,98,True,2023-09-05 01:48:37.663175
314SVO,37,True,2023-02-04 01:48:37.663176
GV6D0N,95,True,2023-05-11 01:48:37.663176
9PJS3E,57,True,2023-01-26 01:48:37.663177
TYLIGQ,80,False,2022-12-14 01:48:37.663178
3ONA8M,2,False,2022-12-22 01:48:37.663179
7UN9PA,91,False,2023-04-03 01:48:37.663180
4JNE4E,30,True,2022-12-04 01:48:37.663180
6YBQ6N,2,False,2022-12-18 01:48:37.663181
V0H9DO,22,False,2023-06-26 01:48:37.663182
11H00L,85,False,2022-12-06 01:48:37.663183
5DQA9U,31,True,2022-11-27 01:48:37.663184
EH37I3,71,False,2022-10-10 01:48:37.663184
F20DHD,87,True,2022-10-08 01:48:37.663185
0D844B,59,True,2023-04-05 01:48:37.663186
9BX8WA,100,True,2023-06-13 01:48:37.663187
C3YQI2,97,True,2022-11-30 01:48:37.663188
607DDA,64,True,2023-02-14 01:48:37.663188
Y0XG1C,39,False,2023-07-21 01:48:37.663189
9R3U3L,15,True,2023-08-10 01:48:37.663190
YIJ6WP,70,True,2023-02-08 01:48:37.663191
Z51MJJ,40,True,2022-11-01 01:48:37.663192
X4PZPG,70,False,2023-03-09 01:48:37.663192
6N3WDI,28,False,2023-09-11 01:48:37.663193
0OA38Q,5,True,2023-06-04 01:48:37.663194
ZQOAHL,9,False,2023-09-17 01:48:37.663195
F20DHD,91,True,2022-10-23 01:48:37.663195
K9TZDB,59,True,2023-06-13 01:48:37.663196
PD4W8W,99,True,2023-07-28 01:48:37.663197
SF3MNV,67,True,2023-04-03 01:48:37.663198
REW174,32,True,2022-12-23 01:48:37.663198
6JEOEE,1,True,2022-09-20 01:48:37.663199
GQQBDU,43,False,2023-01-03 01:48:37.663200
DDQGQL,70,True,2023-01-23 01:48:37.663201
CCJSBI,44,True,2023-07-28 01:48:37.663202
8KK0H7,59,False,2023-06-27 01:48:37.663203
Y272MO,56,True,2022-12-03 01:48:37.663203
T6A2Z8,44,False,2023-01-22 01:48:37.663204
3ME0ZM,4,False,2023-02-17 01:48:37.663205
3ZFLXW,52,True,2023-04-11 01:48:37.663206
FQNYRX,85,True,2023-08-15 01:48:37.663207
1A6UK5,32,False,2023-03-16 01:48:37.663207
7T3FAU,76,True,2023-07-20 01:48:37.663208
BN8OO9,39,False,2022-12-23 01:48:37.663209
4FWGJW,79,True,2022-11-23 01:48:37.663210
8DQHKS,12,True,2022-12-19 01:48:37.663211
TG2OUR,29,True,2023-09-04 01:48:37.663211
HEG2OP,65,True,2023-09-05 01:48:37.663212
VRHO0U,39,False,2022-11-14 01:48:37.663213
K9A2HD,39,True,2022-10-20 01:48:37.663214
RMAWC8,82,False,2023-06-14 01:48:37.663214
SHU45E,15,True,2023-01-08 01:48:37.663215
OOME43,18,False,2022-10-23 01:48:37.663216
EEPRT8,68,True,2023-03-07 01:48:37.663217
UBIIO9,58,False,2023-03-08 01:48:37.663218
4IJ022,99,True,2023-06-15 01:48:37.663218
DV0OSB,51,False,2022-11-23 01:48:37.663219
RM3Y1R,59,False,2022-10-20 01:48:37.663220
MJQ4D8,66,False,2023-01-23 01:48:37.663221
1E1LQY,56,False,2023-02-04 01:48:37.663221
4ZYB7Z,7,True,2023-07-24 01:48:37.663222
NP1NKG,24,True,2023-01-29 01:48:37.663223
TB5XDK,22,True,2023-04-10 01:48:37.663224
1AQFP9,94,True,2023-09-07 01:48:37.663225
U7M7CG,92,True,2023-07-07 01:48:37.663225
OLPYJW,13,False,2022-10-06 01:48:37.663226
274899,72,False,2023-03-14 01:48:37.663227
INPLMQ,44,True,2023-06-26 01:48:37.663228
NFMZE4,16,False,2023-09-16 01:48:37.663228
W43Z1R,94,True,2023-03-18 01:48:37.663229
4TXK85,1,False,2023-09-01 01:48:37.663230
ZQOAHL,89,True,2022-10-06 01:48:37.663231
USQ90V,34,True,2023-02-16 01:48:37.663232
4KYO9D,6,True,2023-05-02 01:48:37.663232
CCMZVS,20,True,2022-11-06 01:48:37.663233
ICX0DW,24,False,2023-04-03 01:48:37.663234
GKS81N,6,False,2023-07-11 01:48:37.663235
XUJFXF,73,False,2022-10-14 01:48:37.663235
JF8PVI,80,False,2023-01-13 01:48:37.663236
HUFVZ6,43,True,2023-07-06 01:48:37.663237
M0NVIF,40,False,2023-05-01 01:48:37.663238
3O9U1B,57,True,2023-04-13 01:48:37.663238
PT0YF9,53,False,2023-04-15 01:48:37.663239
LT47PR,70,False,2023-08-20 01:48:37.663240
4ZWE2I,8,False,2023-02-02 01:48:37.663241
7XXEIN,51,True,2022-12-18 01:48:37.663241
CQN492,72,False,2023-06-23 01:48:37.663242
6YBQ6N,79,False,2023-03-23 01:48:37.663243
Q1GJ13,65,True,2023-08-22 01:48:37.663244
JRHK5E,58,False,2022-10-31 01:48:37.663245
5I9ZIL,19,True,2023-06-26 01:48:37.663245
EOA3L7,28,False,2023-08-09 01:48:37.663246
01KLNW,100,False,2023-06-10 01:48:37.663247
O2ETM1,14,False,2023-07-24 01:48:37.663248
173DXD,91,True,2023-08-14 01:48:37.663248
0T4FAR,60,False,2022-10-23 01:48:37.663249
0VIP7Y,5,False,2022-10-24 01:48:37.663250
VM438A,40,True,2022-09-21 01:48:37.663251
KNTILO,18,True,2023-05-03 01:48:37.663252
BFNHCB,36,True,2023-09-05 01:48:37.663252
IQFK18,3,False,2022-11-03 01:48:37.663253
UST5P1,12,True,2023-01-08 01:48:37.663254
HOPWHM,80,True,2022-10-27 01:48:37.663255
UF1UCD,68,True,2022-12-31 01:48:37.663256
O0J3NF,90,False,2023-08-21 01:48:37.663256
WNFQT9,64,False,2022-10-30 01:48:37.663257
OB06CP,13,False,2022-09-30 01:48:37.663258
TYLIGQ,46,True,2023-01-15 01:48:37.663259
BPH5F9,90,False,2022-11-15 01:48:37.663260
OOME43,54,True,2023-05-11 01:48:37.663260
U9VV5C,16,False,2023-06-07 01:48:37.663261
KM2BGY,5,True,2023-07-19 01:48:37.663262
UMVI5T,38,True,2023-03-26 01:48:37.663263
RR80QH,95,True,2022-10-27 01:48:37.663264
LEYWO3,13,True,2023-05-17 01:48:37.663264
8KK0H7,23,True,2022-10-30 01:48:37.663265
ZTV2WC,84,True,2023-07-25 01:48:37.663266
MM3827,84,True,2023-08-15 01:48:37.663267
UEG0HV,70,False,2023-09-04 01:48:37.663268
U2A2JY,3,False,2023-08-10 01:48:37.663268
JWUMGE,61,True,2023-03-24 01:48:37.663269
BBAW4V,89,False,2023-07-06 01:48:37.663270
NSTKAH,75,True,2022-12-01 01:48:37.663271
18LIYD,92,True,2023-02-07 01:48:37.663272
JQ9UB5,61,True,2022-10-11 01:48:37.663272
KWH224,73,False,2023-01-14 01:48:37.663273
ZTV2WC,86,True,2022-12-14 01:48:37.663274
WJ3NY1,22,False,2023-07-03 01:48:37.663275
44E6BG,15,True,2023-05-29 01:48:37.663276
KIILFG,89,False,2023-06-21 01:48:37.663276
X5LTVG,53,False,2023-01-16 01:48:37.663277
JDQGQ3,11,False,2023-07-05 01:48:37.663278
B6RCXU,95,False,2023-04-15 01:48:37.663279
0YOTU4,11,False,2023-01-07 01:48:37.663279
J4EPQL,14,True,2023-01-25 01:48:37.663280
T2WGKS,35,False,2023-07-09 01:48:37.663281
YGE9EQ,14,True,2022-10-16 01:48:37.663282
LRNHG5,73,False,2022-11-16 01:48:37.663282
RMAWC8,58,True,2023-06-23 01:48:37.663283
GUGW7Z,81,True,2023-02-15 01:48:37.663284
WCRN4L,37,True,2022-11-28 01:48:37.663285
IK3LUK,96,False,2023-09-05 01:48:37.663286
1EGKYI,92,True,2023-04-23 01:48:37.663286
BOQ0ZF,52,True,2023-08-28 01:48:37.663288
LT47PR,95,True,2023-08-12 01:48:37.663288
W6VY1J,38,False,2022-10-20 01:48:37.663289
SGV32V,37,False,2023-05-18 01:48:37.663290
B7C08P,70,True,2022-10-06 01:48:37.663291
GQFRQX,31,True,2023-05-13 01:48:37.663292
SF3MNV,73,True,2023-01-28 01:48:37.663292
S43CV2,33,True,2022-10-16 01:48:37.663293
N4IFB4,99,True,2023-03-10 01:48:37.663294
3Q3KE2,63,False,2022-11-25 01:48:37.663295
V5TCF0,24,False,2023-03-20 01:48:37.663295
5XK6FB,60,True,2023-03-05 01:48:37.663296
NZWR70,56,True,2023-01-23 01:48:37.663297
HGJX5S,2,False,2023-04-15 01:48:37.663298
ZUOVA0,7,False,2023-05-07 01:48:37.663299
0T4FAR,45,False,2023-02-02 01:48:37.663299
P44T2I,79,True,2022-10-18 01:48:37.663300
2ML83J,58,True,2023-06-05 01:48:37.663301
AL1WDE,63,True,2023-03-31 01:48:37.663302
WCSIU3,8,False,2023-01-11 01:48:37.663303
K34IHA,53,True,2023-02-05 01:48:37.663303
81NQZA,92,True,2023-06-30 01:48:37.663304
51LNUC,11,False,2023-02-17 01:48:37.663305
4ZYB7Z,30,True,2023-09-10 01:48:37.663306
15ABJ2,61,False,2022-10-12 01:48:37.663306
Y0XFSN,45,True,2022-11-01 01:48:37.663307
4XPZOY,64,False,2022-09-24 01:48:37.663308
ZWK7M2,19,False,2023-08-09 01:48:37.663309
EA3UA7,5,True,2022-12-20 01:48:37.663310
VAZR6O,19,True,2023-07-20 01:48:37.663310
4Z31VU,65,True,2023-02-10 01:48:37.663311
PTVUZX,66,True,2022-12-06 01:48:37.663312
0T4FAR,88,True,2023-07-13 01:48:37.663313
G7YQOY,34,False,2023-06-28 01:48:37.663313
9R3U3L,79,False,2023-09-17 01:48:37.663314
MDWMTS,56,False,2023-04-01 01:48:37.663315
Q1GJ13,82,False,2023-04-29 01:48:37.663316
R15NKG,91,True,2023-01-12 01:48:37.663317
Z4UUK7,1,True,2022-11-06 01:48:37.663317
8BMLFY,74,True,2023-02-06 01:48:37.663318
JNI1BJ,20,True,2023-09-17 01:48:37.663319
CHLOE4,25,True,2023-07-24 01:48:37.663320
4FWGJW,93,True,2022-09-29 01:48:37.663320
Z65E3Q,40,True,2023-07-05 01:48:37.663321
TLDNRK,30,False,2023-07-09 01:48:37.663322
KM2BGY,34,False,2023-06-26 01:48:37.663323
QE13HU,43,True,2023-07-11 01:48:37.663324
L2AA51,47,True,2022-11-19 01:48:37.663324
GW6JGY,57,True,2023-06-09 01:48:37.663325
M5RZ3F,60,False,2023-05-28 01:48:37.663326
9BX8WA,83,True,2023-01-01 01:48:37.663327
JAD3ZD,56,False,2023-01-21 01:48:37.663328
W0OI7Z,46,True,2023-07-10 01:48:37.663328
V3H642,15,False,2023-08-30 01:48:37.663329
3E5N1T,92,False,2023-07-03 01:48:37.663330
KRBM96,29,False,2023-05-30 01:48:37.663331
ZY2BBB,65,True,2022-12-06 01:48:37.663332
TEZW91,77,False,2022-10-17 01:48:37.663332
ZBPV8L,79,True,2023-07-21 01:48:37.663333
LJO5ER,38,False,2022-09-28 01:48:37.663334
GIWOZK,61,False,2022-11-16 01:48:37.663335
DXAX6K,75,False,2023-01-18 01:48:37.663335
5GY6YB,5,True,2023-03-17 01:48:37.663336
LU112W,64,False,2022-11-18 01:48:37.663337
0OA38Q,8,False,2023-03-20 01:48:37.663338
9R3U3L,93,False,2023-07-20 01:48:37.663339
NDA906,5,False,2022-11-28 01:48:37.663339
5Y72DO,80,True,2023-05-23 01:48:37.663340
W7YW2D,81,True,2022-11-24 01:48:37.663341
QHTZ2Q,4,True,2023-01-27 01:48:37.663342
CMQIQB,46,True,2023-08-16 01:48:37.663343
VN18MU,19,False,2022-10-07 01:48:37.663343
Z4UUK7,94,True,2023-01-10 01:48:37.663344
KIILFG,10,False,2023-01-08 01:48:37.663345
QCXOE3,56,True,2023-04-03 01:48:37.663346
2XO6BC,25,False,2023-04-25 01:48:37.663347
9BX8WA,78,False,2023-06-11 01:48:37.663347
O75CGF,44,False,2023-05-10 01:48:37.663348
8WU3Q2,38,False,2023-03-19 01:48:37.663349
DOKKWT,8,False,2022-11-20 01:48:37.663350
P44T2I,53,False,2023-05-26 01:48:37.663351
KIILFG,48,True,2023-07-25 01:48:37.663351
KWH224,52,True,2023-09-15 01:48:37.663352
Z1YVK0,57,True,2023-03-11 01:48:37.663353
HFNUUK,28,False,2023-03-15 01:48:37.663354
0YOTU4,100,False,2023-07-15 01:48:37.663354
KWH224,74,True,2023-07-31 01:48:37.663355
M0NVIF,7,False,2023-09-16 01:48:37.663356
KE2808,3,False,2023-08-11 01:48:37.663357
79FIBG,49,True,2023-05-25 01:48:37.663357
6QA99A,63,False,2022-09-22 01:48:37.663358
AYBETQ,68,False,2022-10-05 01:48:37.663359
7NL3AZ,97,True,2023-05-08 01:48:37.663360
DW2U2W,6,True,2023-08-11 01:48:37.663361
1AKOCG,19,False,2023-03-20 01:48:37.663361
T57H4F,9,False,2022-12-11 01:48:37.663362
NGMXA4,1,True,2023-01-17 01:48:37.663363
63V15J,2,False,2023-03-30 01:48:37.663364
4X6F81,46,True,2023-03-14 01:48:37.663364
VM438A,4,True,2023-09-15 01:48:37.663365
TOS0ZS,4,False,2022-09-22 01:48:37.663366
EAOBR0,48,True,2023-05-21 01:48:37.663367
7520IN,54,False,2022-11-27 01:48:37.663368
QE38E6,72,True,2023-08-22 01:48:37.663368
S1H208,80,True,2023-01-25 01:48:37.663369
T65721,64,False,2022-11-05 01:48:37.663370
V0H9DO,84,False,2022-10-30 01:48:37.663371
XFVSMK,49,True,2022-12-20 01:48:37.663372
991UU7,93,False,2023-04-03 01:48:37.663372
F759QB,61,True,2023-02-03 01:48:37.663373
1818QZ,92,True,2023-04-30 01:48:37.663374
D474M9,79,False,2022-10-03 01:48:37.663375
MZ356N,9,True,2023-02-17 01:48:37.663375
X130PP,86,False,2023-02-21 01:48:37.663376
GAL1OA,24,False,2023-09-16 01:48:37.663377
3O9U1B,31,False,2023-01-04 01:48:37.663378
ZY2BBB,20,True,2023-04-28 01:48:37.663379
TT2ULM,33,False,2023-02-18 01:48:37.663379
WPCBKT,88,False,2022-12-30 01:48:37.663380
S8QZTR,4,True,2022-11-27 01:48:37.663381
HEG2OP,60,True,2022-10-22 01:48:37.663382
7EAIVS,91,True,2023-07-18 01:48:37.663383
RM3Y1R,50,True,2023-04-22 01:48:37.663383
VN18MU,53,True,2022-10-18 01:48:37.663384
HEG2OP,93,True,2023-01-03 01:48:37.663386
V5TCF0,64,True,2023-01-09 01:48:37.663386
V0H9DO,46,True,2023-07-03 01:48:37.663387
4ZYB7Z,61,True,2023-08-23 01:48:37.663388
4ZYB7Z,19,True,2022-10-21 01:48:37.663389
OZJFN8,64,True,2023-01-11 01:48:37.663389
X0TQF2,36,False,2023-01-15 01:48:37.663390
33HGAQ,63,False,2023-05-07 01:48:37.663391
TT2ULM,48,False,2023-07-10 01:48:37.663392
A3LYN1,78,True,2023-04-29 01:48:37.663392
DD0KD3,63,True,2022-11-18 01:48:37.663393
K0YRJU,30,True,2022-10-04 01:48:37.663394
AIHC87,44,True,2022-09-26 01:48:37.663395
UCKZHJ,75,True,2023-04-19 01:48:37.663396
0UB9GT,99,True,2023-08-06 01:48:37.663396
BPL8Z1,41,True,2022-11-03 01:48:37.663397
8R3ZXH,76,True,2023-08-31 01:48:37.663398
B7C08P,26,False,2023-04-26 01:48:37.663399
BPH5F9,1,True,2023-01-27 01:48:37.663400
E9I1RP,72,True,2022-09-24 01:48:37.663400
WTYYJ7,18,True,2022-12-21 01:48:37.663401
4OYYZW,46,False,2023-09-16 01:48:37.663402
SLECPY,26,False,2022-11-11 01:48:37.663403
SIHKR1,96,True,2023-08-05 01:48:37.663404
3N8XTQ,6,False,2023-01-30 01:48:37.663404
O5ZP1G,46,True,2022-11-15 01:48:37.663405
Y8ZA5X,1,True,2023-07-19 01:48:37.663406
MEX1D6,56,False,2022-10-22 01:48:37.663407
A6T0RD,13,True,2023-08-10 01:48:37.663407
EPF9X6,49,False,2023-08-12 01:48:37.663408
M07WJF,92,True,2023-05-14 01:48:37.663409
TT2ULM,89,True,2022-12-21 01:48:37.663410
8920TF,43,False,2023-08-13 01:48:37.663411
TYLIGQ,83,True,2023-07-25 01:48:37.663411
HKCGIF,25,False,2023-09-15 01:48:37.663412
THAX18,60,False,2023-03-05 01:48:37.663413
TOS0ZS,37,False,2023-02-22 01:48:37.663414
E4BMWL,96,True,2023-03-08 01:48:37.663414
JO2D2Z,78,False,2022-10-13 01:48:37.663415
KIILFG,87,True,2023-01-06 01:48:37.663416
K3NAS5,86,True,2023-07-17 01:48:37.663417
2NTFCK,26,True,2023-04-29 01:48:37.663418
3O9U1B,24,True,2023-01-19 01:48:37.663418
WY0DV8,95,False,2023-07-17 01:48:37.663419
MQLVRG,64,True,2022-09-25 01:48:37.663420
CZB05P,85,True,2023-04-19 01:48:37.663421
5EALDA,13,False,2023-07-02 01:48:37.663421
8DTP6G,45,True,2023-01-28 01:48:37.663422
EFRTKQ,71,False,2023-04-28 01:48:37.663423
O0I994,40,False,2023-02-01 01:48:37.663424
ADA2IV,84,True,2023-04-04 01:48:37.663425
WPCBKT,41,True,2022-12-12 01:48:37.663425
K9SI4L,91,True,2023-06-27 01:48:37.663426
TVUKT8,82,False,2023-05-21 01:48:37.663427
TLO99J,4,True,2023-04-11 01:48:37.663428
4WBZ0V,72,True,2023-07-28 01:48:37.663428
PA0ZI5,24,False,2023-02-27 01:48:37.663429
BK06OK,34,True,2022-11-04 01:48:37.663430
JRV203,20,False,2023-05-21 01:48:37.663431
0CMCN3,60,False,2023-08-09 01:48:37.663431
8H1S1S,30,True,2023-09-11 01:48:37.663432
4CG6JF,71,False,2023-02-28 01:48:37.663433
IRCQ73,40,True,2022-12-31 01:48:37.663434
L0D0XC,34,True,2023-09-12 01:48:37.663435
0EDZWC,57,False,2023-09-04 01:48:37.663435
7WU1YU,23,False,2023-02-21 01:48:37.663436
IMYA53,51,False,2023-06-15 01:48:37.663437
LBTJCO,7,False,2023-06-26 01:48:37.663438
1HV3WW,20,True,2023-04-06 01:48:37.663438
0Q70OR,27,False,2022-10-29 01:48:37.663439
2GE1NE,6,False,2023-08-28 01:48:37.663440
LYBHP9,40,True,2023-05-15 01:48:37.663441
GUGW7Z,89,True,2023-04-25 01:48:37.663441
J4EPQL,59,True,2023-04-15 01:48:37.663442
1AQFP9,91,False,2022-11-21 01:48:37.663443
GNPBUH,43,True,2023-01-10 01:48:37.663444
QKJ7O5,65,True,2023-07-20 01:48:37.663445
T8O1KA,40,True,2023-04-28 01:48:37.663445
5RIXJ4,64,True,2022-11-24 01:48:37.663446
173DXD,65,True,2023-03-04 01:48:37.663447
J4EPQL,39,False,2023-09-08 01:48:37.663448
6SLTFM,73,True,2023-03-22 01:48:37.663449
7EAIVS,84,False,2023-06-05 01:48:37.663450
QKJ7O5,92,False,2023-05-12 01:48:37.663450
BBAW4V,78,True,2023-02-23 01:48:37.663451
MYFEA8,65,False,2023-07-03 01:48:37.663452
GBF5W5,38,False,2023-09-09 01:48:37.663453
3XB784,43,False,2023-03-07 01:48:37.663453
AKX7DO,44,True,2023-05-21 01:48:37.663454
0QVHRL,35,True,2023-09-16 01:48:37.663455
JRG9EV,100,False,2022-10-07 01:48:37.663456
ZWK7M2,63,True,2022-12-30 01:48:37.663457
3DQDOV,93,False,2023-02-28 01:48:37.663458
A6T0RD,68,False,2023-02-13 01:48:37.663458
T1GPW6,100,True,2022-11-23 01:48:37.663459
LBTJCO,98,True,2022-10-05 01:48:37.663460
M8M790,12,True,2022-12-25 01:48:37.663461
OYQSXC,1,False,2023-03-15 01:48:37.663462
PL1GOR,2,False,2022-10-15 01:48:37.663462
00XARU,76,False,2023-03-30 01:48:37.663463
QUFJM8,87,True,2023-02-09 01:48:37.663464
HEG2OP,7,True,2023-06-14 01:48:37.663465
YXAVXG,30,False,2023-05-05 01:48:37.663466
E2KMJH,73,False,2022-12-11 01:48:37.663466
63RKM5,23,False,2023-07-12 01:48:37.663467
IK4QV9,61,False,2023-03-14 01:48:37.663468
L0D0XC,94,True,2023-06-05 01:48:37.663469
7SWKNW,65,True,2023-08-02 01:48:37.663470
CEP50J,79,False,2022-12-12 01:48:37.663470
KN60EZ,39,False,2023-08-03 01:48:37.663471
3O9U1B,15,True,2022-10-17 01:48:37.663472
XZ43RX,22,False,2023-06-04 01:48:37.663473
Q5YYBC,54,True,2023-03-28 01:48:37.663473
D474M9,43,True,2023-06-17 01:48:37.663474
464KA7,85,False,2023-03-25 01:48:37.663475
0CO9J1,94,True,2023-08-16 01:48:37.663476
ABR9KZ,4,True,2023-05-01 01:48:37.663476
9ILV5K,100,True,2023-03-18 01:48:37.663477
SGV32V,23,True,2022-12-18 01:48:37.663478
FV07F6,33,False,2022-11-13 01:48:37.663479
L3MFT4,76,False,2023-07-18 01:48:37.663480
PBSUL5,18,False,2023-02-23 01:48:37.663480
CZB05P,33,True,2022-11-07 01:48:37.663481
EN13UK,92,False,2022-10-10 01:48:37.663482
01KLNW,60,True,2022-10-02 01:48:37.663483
XDR384,74,True,2023-04-14 01:48:37.663483
U8AVXT,81,False,2023-08-08 01:48:37.663484
8OVGRI,80,False,2023-07-25 01:48:37.663485
ONT73L,17,True,2023-06-12 01:48:37.663486
29AOBS,70,False,2023-01-11 01:48:37.663487
T8O1KA,76,False,2023-05-12 01:48:37.663487
O3VDTS,11,False,2023-02-03 01:48:37.663488
2U73HO,68,False,2022-10-18 01:48:37.663489
0YYKWO,11,True,2023-01-08 01:48:37.663490
VRHO0U,16,False,2023-06-26 01:48:37.663490
V1RDLK,67,False,2023-08-30 01:48:37.663491
EAKO5Y,47,True,2023-02-10 01:48:37.663492
E5MO32,94,True,2023-06-11 01:48:37.663493
KNTILO,94,False,2023-06-19 01:48:37.663493
38JCNV,52,False,2023-07-24 01:48:37.663494
L3MFT4,90,True,2023-06-05 01:48:37.663495
GW6JGY,53,False,2023-04-18 01:48:37.663496
EUI4Y0,4,True,2023-07-02 01:48:37.663497
N5V9YO,56,True,2023-07-29 01:48:37.663497
1XBF03,6,False,2023-08-31 01:48:37.663498
TXHBRP,46,False,2023-05-09 01:48:37.663499
77H7PE,90,True,2023-03-17 01:48:37.663500
FVOBXF,81,True,2022-11-18 01:48:37.663500
NDA906,79,False,2023-06-22 01:48:37.663501
0YJDTK,83,True,2023-08-24 01:48:37.663502
FPI4KG,59,False,2023-06-13 01:48:37.663503
WQ9EZX,40,True,2022-10-12 01:48:37.663503
7P9EWH,83,True,2023-09-11 01:48:37.663504
70IJXQ,3,True,2023-09-18 01:48:37.663505
YIH2T7,32,True,2023-09-18 01:48:37.663506
CEP50J,41,True,2022-12-07 01:48:37.663507
NK1PWC,22,False,2022-12-06 01:48:37.663507
6ROJJ9,63,False,2022-11-10 01:48:37.663508
LBIHPJ,82,True,2023-08-20 01:48:37.663509
QKJ7O5,28,False,2023-09-10 01:48:37.663510
UEG0HV,44,False,2023-01-17 01:48:37.663511
7UN9PA,2,True,2022-12-02 01:48:37.663511
4WBZ0V,12,True,2023-01-06 01:48:37.663512
G6NT33,34,False,2023-08-27 01:48:37.663513
1XBF03,48,True,2023-02-09 01:48:37.663514
WH2J2Z,5,True,2023-04-26 01:48:37.663514
18LIYD,89,True,2023-01-17 01:48:37.663515
J55IVD,85,True,2023-04-19 01:48:37.663516
A15JU7,77,True,2023-03-11 01:48:37.663517
Q0B228,99,True,2023-03-07 01:48:37.663517
I3GJTW,2,False,2022-10-04 01:48:37.663518
ZUOVA0,31,True,2022-12-14 01:48:37.663519
OCHHWP,64,False,2022-12-22 01:48:37.663520
ZCMPHR,76,False,2023-09-04 01:48:37.663521
MDPV3O,85,False,2023-08-27 01:48:37.663521
8920TF,52,True,2023-02-23 01:48:37.663522
5EO20X,37,True,2023-05-09 01:48:37.663523
JIZG57,64,False,2022-09-20 01:48:37.663524
THAX18,27,False,2023-07-22 01:48:37.663525
JAD3ZD,15,False,2023-08-28 01:48:37.663525
FRKBND,98,False,2023-04-26 01:48:37.663526
TGBP2B,50,True,2022-12-15 01:48:37.663527
AN7NHS,59,False,2023-04-02 01:48:37.663528
2U73HO,48,True,2023-08-25 01:48:37.663529
0Q4CLC,68,True,2023-06-25 01:48:37.663529
MEX1D6,83,False,2022-09-29 01:48:37.663530
Q1GJ13,3,True,2022-10-10 01:48:37.663531
3XXHWF,7,True,2023-03-29 01:48:37.663532
XB1V59,84,False,2023-01-26 01:48:37.663533
75Q8CB,8,True,2023-02-06 01:48:37.663533
8H1S1S,61,False,2023-05-09 01:48:37.663534
YA1A6G,51,True,2023-05-05 01:48:37.663535
7TFDAV,38,False,2022-12-24 01:48:37.663536
CEP50J,78,False,2023-08-21 01:48:37.663536
MYL9OZ,7,True,2023-02-23 01:48:37.663537
6PLO48,43,False,2023-02-17 01:48:37.663538
NGMXA4,38,False,2023-06-28 01:48:37.663539
2BVACJ,60,False,2023-04-03 01:48:37.663540
7TFDAV,46,False,2022-09-28 01:48:37.663540
Z1YVK0,71,False,2023-04-30 01:48:37.663541
FBRDB0,80,True,2023-08-12 01:48:37.663542
WY0DV8,95,False,2023-02-27 01:48:37.663543
DRL75K,61,True,2023-07-16 01:48:37.663544
ITC3E6,14,False,2023-09-04 01:48:37.663544
RMAWC8,72,True,2023-05-19 01:48:37.663545
8CFK1L,88,True,2023-03-11 01:48:37.663546
OB5E20,3,True,2023-06-18 01:48:37.663547
3Q2ZZW,100,True,2023-07-07 01:48:37.663547
MZ25OQ,37,True,2023-03-29 01:48:37.663548
441H85,27,False,2023-08-10 01:48:37.663549
K60ZL5,47,False,2023-03-28 01:48:37.663550
4IJ022,19,True,2023-07-11 01:48:37.663550
8YWOS7,28,True,2023-09-17 01:48:37.663551
HQ5PC9,54,True,2022-12-09 01:48:37.663552
EN13UK,5,True,2023-04-28 01:48:37.663553
XFTNAF,3,True,2023-01-06 01:48:37.663554
TXHBRP,6,False,2023-07-04 01:48:37.663554
REE4PF,17,True,2022-10-02 01:48:37.663555
HKCGIF,71,False,2023-04-09 01:48:37.663556
991UU7,89,True,2023-07-20 01:48:37.663557
7UFQ5R,9,False,2023-03-30 01:48:37.663557
3DQR1B,39,False,2023-03-31 01:48:37.663558
MQV960,54,True,2023-05-10 01:48:37.663559
WS29ZC,11,False,2022-09-25 01:48:37.663560
OZ0GS7,55,True,2023-01-07 01:48:37.663561
6J35A1,1,False,2022-10-21 01:48:37.663561
S8QZTR,22,False,2022-11-05 01:48:37.663562
5N67KO,46,True,2022-11-22 01:48:37.663563
8H1S1S,48,False,2023-07-27 01:48:37.663564
PWFJGX,45,False,2023-07-22 01:48:37.663564
JDQGQ3,75,False,2022-12-07 01:48:37.663565
GD38HG,16,False,2022-10-03 01:48:37.663566
BIDNXM,15,True,2022-11-27 01:48:37.663567
R7NQXV,32,False,2023-05-25 01:48:37.663568
OUQY8Y,92,True,2023-05-30 01:48:37.663568
ICX0DW,47,True,2023-02-28 01:48:37.663569
7FCO8S,67,False,2023-04-10 01:48:37.663570
QFILNY,44,True,2023-03-06 01:48:37.663571
NY9JQG,18,True,2023-05-01 01:48:37.663571
T3KYFW,100,False,2022-12-09 01:48:37.663572
G6NT33,3,True,2023-04-01 01:48:37.663573
FK47XM,70,True,2023-02-16 01:48:37.663574
FQC1MZ,42,True,2023-04-05 01:48:37.663575
79AI3N,41,True,2023-02-26 01:48:37.663575
8RFNUN,97,True,2023-02-12 01:48:37.663576
6BJEQW,89,True,2023-03-24 01:48:37.663577
51GPXI,1,True,2023-09-05 01:48:37.663578
MLRNVL,66,True,2023-02-21 01:48:37.663579
9PJS3E,46,False,2023-03-07 01:48:37.663579
KRBM96,52,False,2022-10-16 01:48:37.663580
NSAU3B,70,False,2022-11-21 01:48:37.663581
2U73HO,40,True,2022-12-08 01:48:37.663582
M0NVIF,31,True,2023-08-01 01:48:37.663582
REE4PF,41,False,2022-10-12 01:48:37.663583
V0H9DO,34,False,2022-12-25 01:48:37.663584
PA0ZI5,45,False,2023-08-19 01:48:37.663585
78KQO8,94,False,2022-10-13 01:48:37.663586
YIJ6WP,90,False,2023-06-01 01:48:37.663586
YUXLKL,27,True,2022-12-27 01:48:37.663587
5FIZIK,52,True,2023-08-12 01:48:37.663588
81NQZA,37,False,2022-10-20 01:48:37.663589
4KRGHO,99,True,2022-11-21 01:48:37.663590
4JNE4E,23,False,2023-01-08 01:48:37.663590
7UN9PA,99,False,2023-09-17 01:48:37.663591
QUFJM8,56,True,2023-08-22 01:48:37.663592
NTCLWT,12,False,2023-08-20 01:48:37.663593
MYFEA8,54,False,2023-04-03 01:48:37.663593
HKGCFJ,46,False,2022-12-02 01:48:37.663594
7AUDP9,75,True,2023-03-27 01:48:37.663595
8AUF1V,54,False,2023-01-08 01:48:37.663596
RIY5V3,96,False,2023-01-10 01:48:37.663596
5EALDA,3,True,2023-06-18 01:48:37.663597
15ABJ2,7,True,2023-04-03 01:48:37.663598
7WU1YU,78,False,2023-03-11 01:48:37.663599
YDJJ1F,41,True,2022-10-24 01:48:37.663599
2XQ3Z5,58,False,2022-11-15 01:48:37.663600
W6VY1J,5,True,2022-11-22 01:48:37.663601
ORG9QL,30,False,2023-06-28 01:48:37.663602
OB06CP,12,False,2023-05-12 01:48:37.663603
L4MDPH,42,True,2023-01-25 01:48:37.663603
HLECAG,95,False,2023-02-23 01:48:37.663604
ZRVTVO,20,False,2023-01-04 01:48:37.663605
8OK6PJ,52,True,2022-09-20 01:48:37.663606
L548EC,13,False,2023-04-15 01:48:37.663607
LWWE5E,62,True,2023-05-18 01:48:37.663607
AU8RZX,44,True,2023-09-11 01:48:37.663608
EEPRT8,64,True,2023-06-07 01:48:37.663609
MGOH2R,52,False,2023-07-12 01:48:37.663610
RIY5V3,5,True,2022-12-09 01:48:37.663611
HAWS60,52,False,2023-01-29 01:48:37.663611
LJO5ER,64,False,2023-02-07 01:48:37.663612
Q6ES47,17,False,2022-09-24 01:48:37.663613
5N67KO,41,True,2023-02-26 01:48:37.663614
P57EA1,49,False,2022-11-03 01:48:37.663615
GD38HG,54,False,2023-02-03 01:48:37.663616
L3NFTZ,7,False,2022-12-02 01:48:37.663616
0Q4CLC,48,False,2023-01-16 01:48:37.663617
PD4W8W,31,False,2022-11-22 01:48:37.663618
V5RNVK,25,False,2022-10-18 01:48:37.663619
17UTIU,35,True,2023-05-30 01:48:37.663619
44GA8M,41,True,2023-04-06 01:48:37.663620
4KYO9D,30,False,2023-07-18 01:48:37.663621
5MP4FC,31,False,2023-02-22 01:48:37.663622
410O7E,28,False,2023-08-13 01:48:37.663623
S97AD3,6,True,2023-02-05 01:48:37.663623
DDQGQL,81,False,2023-05-17 01:48:37.663624
IQFK18,78,False,2023-05-26 01:48:37.663625
7NL3AZ,10,True,2023-08-14 01:48:37.663626
5AMTKU,97,True,2022-11-09 01:48:37.663627
JXSUTK,80,False,2022-11-22 01:48:37.663627
2L0ML9,31,False,2022-12-23 01:48:37.663628
XB1V59,82,True,2023-02-05 01:48:37.663629
6QKOJU,55,False,2023-02-23 01:48:37.663630
QSFLL0,14,False,2023-06-07 01:48:37.663630
1XBF03,60,True,2023-04-28 01:48:37.663631
6N3WDI,38,False,2023-01-17 01:48:37.663632
Q6ES47,22,True,2022-11-14 01:48:37.663633
G11PZ5,29,True,2022-11-28 01:48:37.663634
SHT5Y5,56,True,2022-09-24 01:48:37.663634
10K3VK,6,True,2023-08-29 01:48:37.663635
RBL4EK,37,True,2022-09-21 01:48:37.663636
F1DOZJ,96,True,2023-02-04 01:48:37.663637
MDPV3O,17,False,2023-07-20 01:48:37.663638
S43CV2,45,True,2022-11-15 01:48:37.663638
SHT5Y5,98,False,2022-12-19 01:48:37.663639
TY9H81,11,True,2022-12-18 01:48:37.663640
MYFEA8,54,True,2023-01-03 01:48:37.663641
173DXD,77,True,2023-08-09 01:48:37.663641
3ZFLXW,94,True,2023-05-08 01:48:37.663642
TVMV93,37,False,2022-10-31 01:48:37.663643
X5LTVG,54,False,2023-04-06 01:48:37.663644
NSAU3B,84,False,2023-01-30 01:48:37.663645
WNFQT9,51,False,2022-10-24 01:48:37.663645
V8HZUA,7,True,2022-11-20 01:48:37.663646
GV6D0N,66,False,2023-08-01 01:48:37.663647
T6A2Z8,17,True,2022-09-24 01:48:37.663648
32CU36,92,False,2023-01-16 01:48:37.663649
E4BMWL,45,True,2023-03-19 01:48:37.663649
45ZEYX,59,False,2023-06-15 01:48:37.663650
00XARU,12,True,2023-09-12 01:48:37.663651
1XBF03,65,True,2023-03-19 01:48:37.663652
7T3FAU,44,True,2023-03-01 01:48:37.663653
FQC1MZ,58,True,2023-09-16 01:48:37.663653
818ISO,15,True,2022-12-22 01:48:37.663654
LJFP07,82,False,2023-08-25 01:48:37.663655
PMWOG3,88,True,2022-12-07 01:48:37.663656
ZIBF0N,25,False,2022-10-30 01:48:37.663656
6ROJJ9,40,True,2023-01-15 01:48:37.663657
ABR9KZ,19,False,2022-11-17 01:48:37.663658
W7M4PU,20,False,2023-05-23 01:48:37.663659
83RSEG,27,True,2023-08-24 01:48:37.663660
MJXDIA,100,False,2022-12-10 01:48:37.663660
3D3HOE,47,True,2022-09-24 01:48:37.663661
464KA7,63,True,2022-09-27 01:48:37.663662
TPMCKA,26,True,2022-12-16 01:48:37.663663
7JK9GV,43,True,2023-05-05 01:48:37.663664
GBF5W5,65,False,2023-04-21 01:48:37.663664
B4M3GG,17,True,2023-05-16 01:48:37.663665
Y23UIN,1,False,2023-04-29 01:48:37.663666
KM2BGY,70,True,2022-10-25 01:48:37.663667
YDJJ1F,19,True,2023-04-02 01:48:37.663668
Q5YYBC,88,True,2023-06-22 01:48:37.663668
K514FP,63,False,2023-05-14 01:48:37.663669
XUJFXF,9,True,2023-03-24 01:48:37.663670
34GYL6,52,True,2023-04-18 01:48:37.663671
M0NVIF,38,False,2023-02-26 01:48:37.663671
UST5P1,1,False,2023-05-18 01:48:37.663672
ZB60B8,23,False,2023-08-08 01:48:37.663673
SGV32V,99,True,2023-06-04 01:48:37.663674
X4RSJZ,79,False,2022-11-17 01:48:37.663675
HQ5PC9,52,False,2023-07-31 01:48:37.663675
0AHC5U,57,False,2022-10-21 01:48:37.663676
V7JIL1,100,False,2022-10-02 01:48:37.663677
D474M9,57,False,2023-07-30 01:48:37.663678
QJQOHK,15,True,2023-04-13 01:48:37.663678
02D561,2,False,2022-12-16 01:48:37.663679
SZ6PQB,89,False,2023-07-19 01:48:37.663680
11H00L,43,False,2023-03-07 01:48:37.663681
EVG652,4,False,2022-10-29 01:48:37.663682
PT0YF9,53,False,2023-02-18 01:48:37.663682
NSAU3B,59,True,2023-08-02 01:48:37.663683
NTCLWT,83,True,2023-03-08 01:48:37.663684
RR80QH,15,True,2023-03-27 01:48:37.663685
5EOMM9,67,False,2023-04-10 01:48:37.663686
BPH5F9,14,True,2022-12-02 01:48:37.663686
KUCXKF,30,False,2023-05-13 01:48:37.663687
5JYXMQ,57,False,2023-04-15 01:48:37.663688
1OZ4Q3,47,False,2023-05-23 01:48:37.663689
RQX5PB,15,True,2023-02-05 01:48:37.663690
60K37B,81,False,2023-01-22 01:48:37.663691
8R3ZXH,66,False,2023-08-30 01:48:37.663691
V5TCF0,58,True,2023-06-23 01:48:37.663692
IVEDZP,5,True,2022-12-02 01:48:37.663693
2SRQT1,18,False,2023-07-11 01:48:37.663694
XFTNAF,72,True,2022-12-02 01:48:37.663694
Z07FOR,28,True,2023-03-11 01:48:37.663695
5EO20X,15,False,2023-03-14 01:48:37.663696
U8AVXT,8,False,2023-08-08 01:48:37.663697
TACJCK,70,False,2022-11-28 01:48:37.663698
L9R8LP,26,False,2023-03-09 01:48:37.663698
D474M9,38,False,2022-10-24 01:48:37.663699
IO8H11,16,False,2022-12-27 01:48:37.663700
BBPROI,72,False,2023-01-13 01:48:37.663701
23CELB,15,True,2022-11-21 01:48:37.663702
A9RMVM,72,False,2023-08-26 01:48:37.663702
8OVGRI,24,True,2023-04-23 01:48:37.663703
ED4TQ8,48,True,2023-01-19 01:48:37.663704
J5SAUB,7,False,2023-06-22 01:48:37.663705
7TFDAV,33,True,2023-01-16 01:48:37.663705
N4IFB4,74,False,2023-05-28 01:48:37.663706
HP3DX7,70,True,2022-10-19 01:48:37.663707
Y61OXJ,45,False,2023-04-29 01:48:37.663708
PTVUZX,79,False,2022-11-01 01:48:37.663709
DHNUGU,95,True,2022-10-18 01:48:37.663709
M0NVIF,81,True,2023-08-28 01:48:37.663710
K3P5KV,88,False,2023-08-03 01:48:37.663711
6ZZDPO,22,True,2023-09-08 01:48:37.663712
OV9OL9,70,True,2022-10-21 01:48:37.663713
4JNE4E,34,True,2023-06-22 01:48:37.663713
V3H642,83,False,2022-12-13 01:48:37.663714
ZRVTVO,43,False,2023-04-12 01:48:37.663715
1OZ4Q3,57,False,2023-02-20 01:48:37.663716
GJ4U08,75,True,2023-08-17 01:48:37.663717
SR4TCL,24,False,2023-05-29 01:48:37.663717
E2KMJH,34,True,2022-11-03 01:48:37.663718
P48AF4,36,False,2023-08-30 01:48:37.663719
PO9HFC,34,True,2023-07-27 01:48:37.663720
ZQOAHL,90,True,2023-01-25 01:48:37.663720
MYL9OZ,37,False,2023-04-30 01:48:37.663721
XD6F21,86,True,2022-12-21 01:48:37.663722
DV0OSB,49,False,2022-11-27 01:48:37.663723
AZ1YF9,91,True,2023-03-19 01:48:37.663724
0VIP7Y,1,True,2023-04-19 01:48:37.663724
3XUG8A,5,False,2023-02-16 01:48:37.663725
DG7O70,89,False,2023-06-06 01:48:37.663726
VF2DSX,44,False,2022-10-12 01:48:37.663727
DGOPCF,91,True,2023-05-18 01:48:37.663728
EX9N6I,94,True,2023-02-28 01:48:37.663728
T3KYFW,73,False,2023-07-23 01:48:37.663729
12PCZ0,95,False,2023-03-17 01:48:37.663730
4NIMJW,61,True,2023-05-10 01:48:37.663731
70IJXQ,65,True,2023-06-27 01:48:37.663731
B4AKOH,11,False,2023-09-06 01:48:37.663732
CNS46Q,50,True,2022-11-10 01:48:37.663733
FLRSMB,27,True,2023-09-14 01:48:37.663734
BBAW4V,60,True,2022-10-17 01:48:37.663735
SHA7ZN,80,False,2023-05-28 01:48:37.663735
Y6GHZH,79,True,2023-01-17 01:48:37.663736
B8PQV3,6,True,2023-07-09 01:48:37.663737
5MP4FC,11,False,2023-04-13 01:48:37.663738
IPX0AZ,90,False,2023-08-23 01:48:37.663739
8DTP6G,89,False,2023-07-31 01:48:37.663739
EFBIRN,83,False,2023-08-20 01:48:37.663740
UQGNWD,23,True,2022-12-06 01:48:37.663741
PBSUL5,77,True,2022-10-30 01:48:37.663742
20DFJ1,76,True,2023-02-24 01:48:37.663742
AL1WDE,98,False,2023-06-24 01:48:37.663743
ZRVTVO,27,True,2023-07-24 01:48:37.663744
8AUF1V,6,False,2023-09-12 01:48:37.663745
T3KYFW,35,False,2023-05-09 01:48:37.663746
Q4YXVW,35,False,2023-07-30 01:48:37.663747
WVY910,45,True,2022-11-03 01:48:37.663747
JWUMGE,57,True,2022-10-16 01:48:37.663748
XX4T6Z,49,True,2022-10-09 01:48:37.663749
LYBHP9,37,True,2023-04-12 01:48:37.663750
3Y59RI,38,True,2023-07-12 01:48:37.663751
XKXULQ,18,True,2023-04-17 01:48:37.663752
ABMOMV,56,True,2022-11-10 01:48:37.663752
O2ETM1,7,True,2023-03-21 01:48:37.663753
HUFVZ6,37,True,2022-12-08 01:48:37.663754
3IPTS6,8,False,2023-01-02 01:48:37.663755
3ZFLXW,89,False,2023-07-11 01:48:37.663756
L4MDPH,26,True,2023-09-15 01:48:37.663756
51LNUC,77,False,2022-11-07 01:48:37.663757
CWEWFC,93,True,2023-05-19 01:48:37.663758
5DCOWS,31,True,2022-12-20 01:48:37.663759
J55IVD,88,False,2023-01-11 01:48:37.663759
LU112W,62,False,2022-10-19 01:48:37.663760
EFRTKQ,34,False,2023-04-14 01:48:37.663761
10K3VK,64,True,2023-01-09 01:48:37.663762
79AI3N,18,False,2023-05-01 01:48:37.663763
HGJX5S,74,False,2022-11-11 01:48:37.663763
C8FXO6,19,False,2023-05-16 01:48:37.663764
T65721,78,True,2023-02-23 01:48:37.663765
OCHHWP,6,False,2023-01-05 01:48:37.663766
O7TCML,2,False,2023-01-15 01:48:37.663766
HKGCFJ,91,False,2023-02-10 01:48:37.663767
2Q5YNT,94,False,2022-10-22 01:48:37.663768
Y6GHZH,75,False,2023-01-15 01:48:37.663769
5IJ4I4,28,True,2023-08-04 01:48:37.663770
5FQDFJ,18,False,2023-06-03 01:48:37.663770
47EK8B,84,False,2023-09-03 01:48:37.663771
21LUGN,42,True,2022-10-04 01:48:37.663772
HWLRBU,42,True,2022-10-16 01:48:37.663773
RIY5V3,51,False,2022-11-17 01:48:37.663774
PO9HFC,11,True,2023-08-01 01:48:37.663775
AIHC87,30,True,2023-08-11 01:48:37.663775
45Y56I,42,True,2022-11-25 01:48:37.663776
60UND6,7,False,2023-06-06 01:48:37.663777
Y8ZA5X,53,True,2022-10-03 01:48:37.663778
RI6MWQ,34,False,2023-02-07 01:48:37.663778
ONGTOV,91,False,2023-09-03 01:48:37.663779
OODRJ7,77,False,2022-12-28 01:48:37.663780
6R01LO,39,True,2022-11-14 01:48:37.663781
FLRK6J,96,True,2022-10-15 01:48:37.663782
YIH2T7,20,False,2022-11-15 01:48:37.663782
RCI1JG,41,False,2022-11-12 01:48:37.663783
QCXOE3,42,True,2022-10-27 01:48:37.663784
TFGW7Q,33,False,2022-11-17 01:48:37.663785
4KRGHO,75,False,2023-06-03 01:48:37.663786
4Y2TMM,89,True,2022-11-08 01:48:37.663786
81NQZA,29,False,2023-06-08 01:48:37.663787
IPX0AZ,45,True,2023-02-15 01:48:37.663788
N9WDWX,3,False,2022-10-05 01:48:37.663789
J0IO2T,1,True,2022-09-23 01:48:37.663790
FEI95C,91,True,2023-04-17 01:48:37.663790
KBC5L9,56,False,2023-04-26 01:48:37.663791
F20DHD,70,True,2022-10-05 01:48:37.663792
ZC8OD5,4,True,2022-09-27 01:48:37.663793
35AY4E,85,False,2023-02-04 01:48:37.663794
DTVINL,28,False,2023-04-12 01:48:37.663795
29AOBS,69,False,2022-09-30 01:48:37.663795
QKJ7O5,6,False,2023-06-11 01:48:37.663796
EFBIRN,99,True,2023-02-01 01:48:37.663797
95P36W,17,False,2023-05-31 01:48:37.663798
T2VILG,72,True,2022-12-13 01:48:37.663799
47EK8B,68,True,2023-02-16 01:48:37.663799
JWQUO4,52,False,2023-01-14 01:48:37.663800
8UHZ5R,43,True,2023-04-04 01:48:37.663801
4WISL5,20,False,2023-03-03 01:48:37.663802
SLECPY,15,True,2023-08-22 01:48:37.663802
1L5OGT,20,True,2023-02-02 01:48:37.663803
8KK0H7,47,False,2023-03-04 01:48:37.663804
B4AKOH,30,True,2023-04-05 01:48:37.663805
DY1XJS,85,False,2023-02-24 01:48:37.663806
NY9JQG,6,False,2022-09-30 01:48:37.663806
LBIHPJ,72,False,2022-12-18 01:48:37.663807
7XXEIN,94,True,2022-10-22 01:48:37.663808
DFV7L1,87,False,2022-10-02 01:48:37.663809
5DQA9U,87,True,2023-02-15 01:48:37.663810
E9I1RP,78,True,2023-06-10 01:48:37.663811
8DTP6G,32,True,2022-12-14 01:48:37.663811
HLF6VY,10,False,2023-08-19 01:48:37.663812
VAZR6O,55,True,2023-03-28 01:48:37.663813
Z1YVK0,87,False,2022-09-25 01:48:37.663814
1IYDH1,45,True,2023-03-23 01:48:37.663814
XFVSMK,35,False,2022-09-21 01:48:37.663815
DFV7L1,10,True,2023-02-24 01:48:37.663816
0R72B1,73,True,2023-07-07 01:48:37.663817
VM438A,21,True,2022-11-08 01:48:37.663818
CT5HZG,87,False,2023-08-12 01:48:37.663818
TXHBRP,73,True,2023-08-28 01:48:37.663819
CHLOE4,2,False,2023-04-14 01:48:37.663820
HY1QVT,75,False,2022-09-29 01:48:37.663821
0QVHRL,20,True,2022-12-11 01:48:37.663821
L548EC,65,False,2023-07-23 01:48:37.663822
UST5P1,90,False,2023-02-01 01:48:37.663823
9PJS3E,83,False,2023-08-15 01:48:37.663824
DFV7L1,75,False,2023-07-26 01:48:37.663824
LTMLZJ,23,False,2023-04-20 01:48:37.663825
EAKO5Y,6,True,2023-01-07 01:48:37.663826
7Y77Z8,82,True,2022-09-28 01:48:37.663827
135NEX,23,False,2023-05-09 01:48:37.663828
8RFNUN,99,True,2023-05-22 01:48:37.663828
2L0ML9,46,False,2022-11-29 01:48:37.663829
EAKO5Y,58,False,2023-05-29 01:48:37.663830
IO8H11,79,True,2023-03-18 01:48:37.663831
